Date,Open,High,Low,Close,Volume
2025-11-17 05:55:00+00:00,1.15998,1.16003,1.15988,1.16001,88
2025-11-17 06:00:00+00:00,1.16003,1.16003,1.15989,1.15992,76
2025-11-17 06:05:00+00:00,1.15991,1.15991,1.15948,1.15953,157
2025-11-17 06:10:00+00:00,1.15951,1.15976,1.15948,1.15971,88
2025-11-17 06:15:00+00:00,1.1596899999999999,1.15984,1.15962,1.15983,84
2025-11-17 06:20:00+00:00,1.15984,1.1598600000000001,1.15975,1.15984,83
2025-11-17 06:25:00+00:00,1.15985,1.16005,1.15984,1.16003,89
2025-11-17 06:30:00+00:00,1.16003,1.16018,1.15995,1.1601,106
2025-11-17 06:35:00+00:00,1.1601,1.16031,1.16008,1.1602999999999999,75
2025-11-17 06:40:00+00:00,1.1602999999999999,1.16055,1.16026,1.16046,103
2025-11-17 06:45:00+00:00,1.16045,1.16061,1.16037,1.16061,79
2025-11-17 06:50:00+00:00,1.16061,1.16079,1.16054,1.16069,113
2025-11-17 06:55:00+00:00,1.16069,1.16082,1.16069,1.16072,88
2025-11-17 07:00:00+00:00,1.1607,1.16093,1.16068,1.16078,148
2025-11-17 07:05:00+00:00,1.16077,1.16084,1.16067,1.1608100000000001,85
2025-11-17 07:10:00+00:00,1.1608100000000001,1.16089,1.16064,1.16069,87
2025-11-17 07:15:00+00:00,1.16069,1.16103,1.16062,1.16101,105
2025-11-17 07:20:00+00:00,1.16101,1.16115,1.1609,1.16096,167
2025-11-17 07:25:00+00:00,1.16098,1.16126,1.16098,1.16124,165
2025-11-17 07:30:00+00:00,1.16124,1.16135,1.16111,1.16115,125
2025-11-17 07:35:00+00:00,1.16115,1.16122,1.161,1.1611,141
2025-11-17 07:40:00+00:00,1.1611,1.16141,1.16102,1.16133,135
2025-11-17 07:45:00+00:00,1.16132,1.1614,1.16122,1.16125,115
2025-11-17 07:50:00+00:00,1.16125,1.16145,1.1612,1.16128,102
2025-11-17 07:55:00+00:00,1.16128,1.16138,1.16117,1.16129,118
2025-11-17 08:00:00+00:00,1.16131,1.16141,1.1610800000000001,1.16132,209
2025-11-17 08:05:00+00:00,1.16132,1.16148,1.16111,1.1614200000000001,132
2025-11-17 08:10:00+00:00,1.16141,1.16145,1.16099,1.1610800000000001,172
2025-11-17 08:15:00+00:00,1.16107,1.16112,1.16074,1.16075,146
2025-11-17 08:20:00+00:00,1.16077,1.16077,1.1604700000000001,1.16065,167
2025-11-17 08:25:00+00:00,1.16065,1.16065,1.16026,1.16036,191
2025-11-17 08:30:00+00:00,1.16033,1.16061,1.16023,1.16038,198
2025-11-17 08:35:00+00:00,1.16038,1.16051,1.16012,1.16038,179
2025-11-17 08:40:00+00:00,1.16038,1.16052,1.16011,1.16013,165
2025-11-17 08:45:00+00:00,1.16012,1.16023,1.16002,1.16003,166
2025-11-17 08:50:00+00:00,1.16001,1.16049,1.15987,1.16039,232
2025-11-17 08:55:00+00:00,1.16039,1.16068,1.16027,1.16028,213
2025-11-17 09:00:00+00:00,1.16027,1.16031,1.15976,1.15984,210
2025-11-17 09:05:00+00:00,1.15985,1.16017,1.15982,1.16015,154
2025-11-17 09:10:00+00:00,1.16013,1.16013,1.15967,1.15987,184
2025-11-17 09:15:00+00:00,1.1598600000000001,1.15987,1.15972,1.15973,144
2025-11-17 09:20:00+00:00,1.15974,1.15998,1.15973,1.15975,137
2025-11-17 09:25:00+00:00,1.15976,1.15981,1.15967,1.15979,70
2025-11-17 09:30:00+00:00,1.15979,1.16043,1.15979,1.16025,174
2025-11-17 09:35:00+00:00,1.16028,1.16029,1.16003,1.16014,140
2025-11-17 09:40:00+00:00,1.16014,1.16032,1.15994,1.16031,148
2025-11-17 09:45:00+00:00,1.16032,1.16034,1.15999,1.16005,184
2025-11-17 09:50:00+00:00,1.16005,1.16023,1.15995,1.16009,167
2025-11-17 09:55:00+00:00,1.16009,1.16029,1.16001,1.16008,165
2025-11-17 10:00:00+00:00,1.16009,1.16031,1.15994,1.16024,190
2025-11-17 10:05:00+00:00,1.16024,1.16026,1.16006,1.16011,100
2025-11-17 10:10:00+00:00,1.16011,1.16025,1.15993,1.16019,121
2025-11-17 10:15:00+00:00,1.1602000000000001,1.16067,1.1602000000000001,1.16061,146
2025-11-17 10:20:00+00:00,1.16062,1.16077,1.1605699999999999,1.16068,153
2025-11-17 10:25:00+00:00,1.16067,1.16073,1.16049,1.16065,133
2025-11-17 10:30:00+00:00,1.16065,1.16065,1.16041,1.16042,97
2025-11-17 10:35:00+00:00,1.16042,1.16065,1.16037,1.16049,142
2025-11-17 10:40:00+00:00,1.16049,1.16065,1.16042,1.16052,122
2025-11-17 10:45:00+00:00,1.16052,1.16052,1.16009,1.16018,169
2025-11-17 10:50:00+00:00,1.16019,1.16024,1.15976,1.15982,190
2025-11-17 10:55:00+00:00,1.15982,1.15983,1.15956,1.15962,159
2025-11-17 11:00:00+00:00,1.15962,1.15984,1.15944,1.15984,180
2025-11-17 11:05:00+00:00,1.15984,1.16,1.1597,1.15995,172
2025-11-17 11:10:00+00:00,1.15995,1.15995,1.15961,1.15968,156
2025-11-17 11:15:00+00:00,1.15967,1.16004,1.15967,1.15975,129
2025-11-17 11:20:00+00:00,1.15975,1.15997,1.15968,1.15992,110
2025-11-17 11:25:00+00:00,1.15992,1.16012,1.15982,1.16004,106
2025-11-17 11:30:00+00:00,1.16004,1.16015,1.15976,1.16001,171
2025-11-17 11:35:00+00:00,1.16001,1.16018,1.1599,1.15992,136
2025-11-17 11:40:00+00:00,1.15992,1.16007,1.15981,1.16001,128
2025-11-17 11:45:00+00:00,1.16001,1.16013,1.15988,1.15992,105
2025-11-17 11:50:00+00:00,1.15991,1.16011,1.1598,1.1601,171
2025-11-17 11:55:00+00:00,1.16011,1.16027,1.16001,1.1601,214
2025-11-17 12:00:00+00:00,1.16009,1.16031,1.1599599999999999,1.16024,197
2025-11-17 12:05:00+00:00,1.16026,1.16036,1.16008,1.16013,139
2025-11-17 12:10:00+00:00,1.16013,1.16023,1.16008,1.16011,87
2025-11-17 12:15:00+00:00,1.16011,1.16016,1.16006,1.16013,97
2025-11-17 12:20:00+00:00,1.16012,1.16035,1.16009,1.16018,106
2025-11-17 12:25:00+00:00,1.16017,1.16042,1.16009,1.16034,159
2025-11-17 12:30:00+00:00,1.16034,1.16043,1.16007,1.16015,140
2025-11-17 12:35:00+00:00,1.16016,1.16017,1.1598600000000001,1.16003,162
2025-11-17 12:40:00+00:00,1.16001,1.1602999999999999,1.16001,1.1602000000000001,127
2025-11-17 12:45:00+00:00,1.16019,1.16028,1.15962,1.15973,158
2025-11-17 12:50:00+00:00,1.15973,1.15995,1.1595900000000001,1.1596899999999999,182
2025-11-17 12:55:00+00:00,1.15968,1.15988,1.15954,1.15985,214
2025-11-17 13:00:00+00:00,1.1598600000000001,1.15992,1.15961,1.15979,234
2025-11-17 13:05:00+00:00,1.1598,1.15989,1.15922,1.15922,235
2025-11-17 13:10:00+00:00,1.1592,1.15964,1.15915,1.15943,258
2025-11-17 13:15:00+00:00,1.15943,1.1596,1.15926,1.1593499999999999,193
2025-11-17 13:20:00+00:00,1.15937,1.15965,1.15933,1.15956,123
2025-11-17 13:25:00+00:00,1.15956,1.15956,1.1593499999999999,1.15946,137
2025-11-17 13:30:00+00:00,1.15947,1.1595900000000001,1.1592500000000001,1.15945,189
2025-11-17 13:35:00+00:00,1.15945,1.15949,1.159,1.159,260
2025-11-17 13:40:00+00:00,1.1589800000000001,1.15921,1.15895,1.159,206
2025-11-17 13:45:00+00:00,1.15897,1.1592500000000001,1.15883,1.15893,283
2025-11-17 13:50:00+00:00,1.15893,1.15921,1.15879,1.15894,215
2025-11-17 13:55:00+00:00,1.15893,1.1592,1.15889,1.15909,209
2025-11-17 14:00:00+00:00,1.1590799999999999,1.15943,1.15904,1.15919,196
2025-11-17 14:05:00+00:00,1.1592,1.15934,1.15916,1.1592500000000001,119
2025-11-17 14:10:00+00:00,1.15926,1.15936,1.15917,1.1593499999999999,112
2025-11-17 14:15:00+00:00,1.1593499999999999,1.15941,1.15922,1.15926,110
2025-11-17 14:20:00+00:00,1.1592500000000001,1.15949,1.15917,1.15938,129
2025-11-17 14:25:00+00:00,1.1594,1.15949,1.15921,1.15923,143
2025-11-17 14:30:00+00:00,1.15922,1.15941,1.15911,1.15926,274
2025-11-17 14:35:00+00:00,1.15927,1.15932,1.15852,1.15866,297
2025-11-17 14:40:00+00:00,1.15866,1.15866,1.15829,1.15856,262
2025-11-17 14:45:00+00:00,1.15853,1.15875,1.15846,1.15849,223
2025-11-17 14:50:00+00:00,1.1585,1.15891,1.15849,1.15871,236
2025-11-17 14:55:00+00:00,1.1587,1.15886,1.15844,1.15856,251
2025-11-17 15:00:00+00:00,1.15855,1.15865,1.15822,1.1584699999999999,245
2025-11-17 15:05:00+00:00,1.15846,1.1585,1.15823,1.15832,243
2025-11-17 15:10:00+00:00,1.15832,1.15849,1.15815,1.15842,202
2025-11-17 15:15:00+00:00,1.15843,1.15892,1.15835,1.15888,257
2025-11-17 15:20:00+00:00,1.15888,1.1592,1.15888,1.15918,189
2025-11-17 15:25:00+00:00,1.15919,1.15921,1.15889,1.15901,188
2025-11-17 15:30:00+00:00,1.15899,1.15902,1.15867,1.1588,251
2025-11-17 15:35:00+00:00,1.15881,1.15906,1.1587,1.15894,193
2025-11-17 15:40:00+00:00,1.15894,1.15896,1.15861,1.15878,203
2025-11-17 15:45:00+00:00,1.15875,1.159,1.1587,1.15889,227
2025-11-17 15:50:00+00:00,1.15887,1.15912,1.15877,1.15907,179
2025-11-17 15:55:00+00:00,1.1590799999999999,1.15977,1.15906,1.15971,255
2025-11-17 16:00:00+00:00,1.1597,1.15979,1.15955,1.15965,168
2025-11-17 16:05:00+00:00,1.15965,1.15965,1.15934,1.15949,188
2025-11-17 16:10:00+00:00,1.15949,1.15964,1.15941,1.1595,176
2025-11-17 16:15:00+00:00,1.15952,1.15999,1.15948,1.15999,191
2025-11-17 16:20:00+00:00,1.15998,1.15999,1.15976,1.15977,175
2025-11-17 16:25:00+00:00,1.15977,1.15993,1.1596899999999999,1.15974,131
2025-11-17 16:30:00+00:00,1.15976,1.16014,1.1597,1.15991,185
2025-11-17 16:35:00+00:00,1.15993,1.16009,1.1598,1.15985,198
2025-11-17 16:40:00+00:00,1.15984,1.16001,1.15973,1.15991,160
2025-11-17 16:45:00+00:00,1.15992,1.16003,1.15971,1.15973,117
2025-11-17 16:50:00+00:00,1.15975,1.15993,1.15967,1.15976,140
2025-11-17 16:55:00+00:00,1.15975,1.15981,1.15961,1.15968,156
2025-11-17 17:00:00+00:00,1.15968,1.15983,1.15964,1.15972,161
2025-11-17 17:05:00+00:00,1.15971,1.15971,1.15939,1.15943,134
2025-11-17 17:10:00+00:00,1.15944,1.15966,1.1594,1.15943,140
2025-11-17 17:15:00+00:00,1.15943,1.15976,1.15942,1.15975,86
2025-11-17 17:20:00+00:00,1.15975,1.15991,1.15973,1.15985,104
2025-11-17 17:25:00+00:00,1.15984,1.15985,1.15967,1.15979,138
2025-11-17 17:30:00+00:00,1.15979,1.15985,1.15955,1.15967,150
2025-11-17 17:35:00+00:00,1.15967,1.15972,1.1593,1.15944,131
2025-11-17 17:40:00+00:00,1.15943,1.15957,1.15942,1.15955,98
2025-11-17 17:45:00+00:00,1.15955,1.15955,1.15912,1.15917,136
2025-11-17 17:50:00+00:00,1.15918,1.15939,1.15909,1.15932,101
2025-11-17 17:55:00+00:00,1.15933,1.1593499999999999,1.15918,1.1593499999999999,119
2025-11-17 18:00:00+00:00,1.1593499999999999,1.15942,1.15915,1.15919,173
2025-11-17 18:05:00+00:00,1.1592,1.15934,1.15912,1.15916,114
2025-11-17 18:10:00+00:00,1.15916,1.15916,1.15877,1.1589800000000001,158
2025-11-17 18:15:00+00:00,1.1589800000000001,1.15905,1.15887,1.15904,106
2025-11-17 18:20:00+00:00,1.15904,1.15904,1.15882,1.15902,126
2025-11-17 18:25:00+00:00,1.15902,1.15907,1.15891,1.15904,100
2025-11-17 18:30:00+00:00,1.15904,1.15918,1.15893,1.15913,105
2025-11-17 18:35:00+00:00,1.15913,1.15916,1.15892,1.15915,121
2025-11-17 18:40:00+00:00,1.15915,1.15918,1.15906,1.15914,103
2025-11-17 18:45:00+00:00,1.15914,1.15933,1.15912,1.1592500000000001,119
2025-11-17 18:50:00+00:00,1.1592500000000001,1.1593499999999999,1.15919,1.15921,131
2025-11-17 18:55:00+00:00,1.15922,1.15929,1.159,1.15906,199
2025-11-17 19:00:00+00:00,1.15904,1.15926,1.159,1.15926,135
2025-11-17 19:05:00+00:00,1.15927,1.1593,1.15902,1.15915,100
2025-11-17 19:10:00+00:00,1.15914,1.15934,1.15912,1.15928,90
2025-11-17 19:15:00+00:00,1.15927,1.15936,1.15922,1.1593,96
2025-11-17 19:20:00+00:00,1.15931,1.1593499999999999,1.15916,1.15931,90
2025-11-17 19:25:00+00:00,1.15931,1.15951,1.15927,1.15934,114
2025-11-17 19:30:00+00:00,1.15933,1.15933,1.15885,1.15885,144
2025-11-17 19:35:00+00:00,1.15884,1.15893,1.15858,1.15869,237
2025-11-17 19:40:00+00:00,1.15868,1.1587,1.15846,1.1586400000000001,162
2025-11-17 19:45:00+00:00,1.1586400000000001,1.15879,1.15857,1.15867,161
2025-11-17 19:50:00+00:00,1.15868,1.15868,1.1584,1.15863,174
2025-11-17 19:55:00+00:00,1.15863,1.15863,1.1583,1.15835,196
2025-11-17 20:00:00+00:00,1.1583700000000001,1.15856,1.15821,1.15853,158
2025-11-17 20:05:00+00:00,1.15853,1.15858,1.15842,1.15851,126
2025-11-17 20:10:00+00:00,1.1585,1.1587399999999999,1.1585,1.15859,131
2025-11-17 20:15:00+00:00,1.15859,1.15878,1.15852,1.15873,107
2025-11-17 20:20:00+00:00,1.15873,1.15873,1.15856,1.15859,119
2025-11-17 20:25:00+00:00,1.15859,1.15881,1.15858,1.15881,110
2025-11-17 20:30:00+00:00,1.15882,1.15891,1.15868,1.1588,128
2025-11-17 20:35:00+00:00,1.15879,1.1589800000000001,1.1587399999999999,1.15886,143
2025-11-17 20:40:00+00:00,1.15885,1.159,1.15871,1.15896,126
2025-11-17 20:45:00+00:00,1.1589800000000001,1.15903,1.15882,1.15886,106
2025-11-17 20:50:00+00:00,1.15886,1.15893,1.1588,1.15884,108
2025-11-17 20:55:00+00:00,1.15884,1.15885,1.15873,1.15882,123
2025-11-17 21:00:00+00:00,1.15883,1.15886,1.1587399999999999,1.15884,91
2025-11-17 21:05:00+00:00,1.15884,1.15894,1.15881,1.15881,57
2025-11-17 21:10:00+00:00,1.15881,1.15886,1.15867,1.15877,86
2025-11-17 21:15:00+00:00,1.15879,1.15886,1.15878,1.15879,28
2025-11-17 21:20:00+00:00,1.15879,1.15891,1.15878,1.15891,26
2025-11-17 21:25:00+00:00,1.15891,1.15899,1.15884,1.15888,63
2025-11-17 21:30:00+00:00,1.15887,1.15911,1.15887,1.1590799999999999,75
2025-11-17 21:35:00+00:00,1.1590799999999999,1.15917,1.15899,1.159,62
2025-11-17 21:40:00+00:00,1.159,1.15914,1.15894,1.1590799999999999,71
2025-11-17 21:45:00+00:00,1.1590799999999999,1.15916,1.15901,1.15903,62
2025-11-17 21:50:00+00:00,1.15903,1.15916,1.15903,1.1590799999999999,82
2025-11-17 21:55:00+00:00,1.1590799999999999,1.15919,1.1589800000000001,1.1589800000000001,103
2025-11-17 22:05:00+00:00,1.15901,1.15903,1.15884,1.15884,24
2025-11-17 22:10:00+00:00,1.15885,1.15894,1.15875,1.15894,24
2025-11-17 22:15:00+00:00,1.15891,1.15897,1.15891,1.15893,15
2025-11-17 22:20:00+00:00,1.15892,1.15896,1.15891,1.15893,24
2025-11-17 22:25:00+00:00,1.15893,1.15893,1.15887,1.15887,10
2025-11-17 22:30:00+00:00,1.15886,1.15891,1.15885,1.15886,37
2025-11-17 22:35:00+00:00,1.15886,1.15897,1.15886,1.15894,36
2025-11-17 22:40:00+00:00,1.15894,1.15904,1.15881,1.15902,39
2025-11-17 22:45:00+00:00,1.15889,1.15904,1.15883,1.15903,36
2025-11-17 22:50:00+00:00,1.15903,1.15906,1.15899,1.15905,43
2025-11-17 22:55:00+00:00,1.15905,1.15905,1.15896,1.15896,24
2025-11-17 23:00:00+00:00,1.15897,1.15923,1.15896,1.15921,122
2025-11-17 23:05:00+00:00,1.1592,1.15931,1.15913,1.15923,65
2025-11-17 23:10:00+00:00,1.15923,1.1592500000000001,1.15916,1.15923,36
2025-11-17 23:15:00+00:00,1.15923,1.15938,1.15921,1.15921,48
2025-11-17 23:20:00+00:00,1.15921,1.1593,1.1592,1.15927,31
2025-11-17 23:25:00+00:00,1.15927,1.15929,1.15921,1.1592500000000001,45
2025-11-17 23:30:00+00:00,1.15923,1.15924,1.15915,1.15918,55
2025-11-17 23:35:00+00:00,1.15918,1.15919,1.1591,1.15911,44
2025-11-17 23:40:00+00:00,1.15911,1.15911,1.15895,1.15899,59
2025-11-17 23:45:00+00:00,1.15899,1.15901,1.15889,1.1589,45
2025-11-17 23:50:00+00:00,1.15889,1.15899,1.15885,1.15896,37
2025-11-17 23:55:00+00:00,1.15897,1.15901,1.15894,1.15897,53
2025-11-18 00:00:00+00:00,1.15897,1.1589800000000001,1.15862,1.15865,126
2025-11-18 00:05:00+00:00,1.15862,1.15872,1.15856,1.15871,72
2025-11-18 00:10:00+00:00,1.15871,1.15876,1.1586400000000001,1.15876,51
2025-11-18 00:15:00+00:00,1.15875,1.15886,1.15873,1.15875,79
2025-11-18 00:20:00+00:00,1.15875,1.1588,1.15867,1.15871,63
2025-11-18 00:25:00+00:00,1.15871,1.15875,1.15861,1.15873,53
2025-11-18 00:30:00+00:00,1.1587399999999999,1.15886,1.15869,1.15881,69
2025-11-18 00:35:00+00:00,1.15881,1.15888,1.15878,1.15887,55
2025-11-18 00:40:00+00:00,1.15886,1.15888,1.1588,1.15885,70
2025-11-18 00:45:00+00:00,1.15885,1.15886,1.15876,1.15879,71
2025-11-18 00:50:00+00:00,1.15879,1.15881,1.15865,1.15867,85
2025-11-18 00:55:00+00:00,1.15865,1.15872,1.15845,1.15867,134
2025-11-18 01:00:00+00:00,1.15867,1.15881,1.15848,1.15876,152
2025-11-18 01:05:00+00:00,1.15877,1.15877,1.15858,1.1586,72
2025-11-18 01:10:00+00:00,1.1586,1.15862,1.1584699999999999,1.15858,89
2025-11-18 01:15:00+00:00,1.15859,1.15867,1.15843,1.15859,97
2025-11-18 01:20:00+00:00,1.1586,1.1589,1.15859,1.1589,77
2025-11-18 01:25:00+00:00,1.1589,1.15905,1.15887,1.15905,100
2025-11-18 01:30:00+00:00,1.15905,1.15909,1.1589800000000001,1.15909,77
2025-11-18 01:35:00+00:00,1.15909,1.15926,1.15905,1.15922,87
2025-11-18 01:40:00+00:00,1.15923,1.15929,1.15917,1.15928,81
2025-11-18 01:45:00+00:00,1.15928,1.15928,1.15911,1.15923,74
2025-11-18 01:50:00+00:00,1.15923,1.1592500000000001,1.15907,1.15907,64
2025-11-18 01:55:00+00:00,1.15907,1.15914,1.15899,1.15904,73
2025-11-18 02:00:00+00:00,1.15904,1.15912,1.1589800000000001,1.15899,66
2025-11-18 02:05:00+00:00,1.15899,1.15903,1.15881,1.15885,75
2025-11-18 02:10:00+00:00,1.15885,1.159,1.15877,1.15899,66
2025-11-18 02:15:00+00:00,1.159,1.15912,1.15896,1.15911,50
2025-11-18 02:20:00+00:00,1.15911,1.15912,1.15905,1.1591,42
2025-11-18 02:25:00+00:00,1.1591,1.15921,1.15901,1.1590799999999999,74
2025-11-18 02:30:00+00:00,1.1590799999999999,1.15918,1.15905,1.15915,65
2025-11-18 02:35:00+00:00,1.15916,1.15928,1.15913,1.15928,64
2025-11-18 02:40:00+00:00,1.15928,1.15936,1.1592500000000001,1.15929,73
2025-11-18 02:45:00+00:00,1.15929,1.15936,1.15909,1.15914,86
2025-11-18 02:50:00+00:00,1.15915,1.15916,1.15903,1.15905,55
2025-11-18 02:55:00+00:00,1.15905,1.15927,1.15905,1.1592500000000001,106
2025-11-18 03:00:00+00:00,1.15928,1.1594,1.1592,1.15938,99
2025-11-18 03:05:00+00:00,1.15938,1.15955,1.1593,1.15934,105
2025-11-18 03:10:00+00:00,1.15934,1.1594,1.15926,1.15929,67
2025-11-18 03:15:00+00:00,1.15929,1.15929,1.15916,1.15924,74
2025-11-18 03:20:00+00:00,1.1592500000000001,1.15926,1.15918,1.15923,44
2025-11-18 03:25:00+00:00,1.15923,1.15927,1.1591,1.15918,71
2025-11-18 03:30:00+00:00,1.15917,1.15936,1.15917,1.15919,84
2025-11-18 03:35:00+00:00,1.15919,1.15924,1.15913,1.15918,64
2025-11-18 03:40:00+00:00,1.15919,1.1593499999999999,1.15919,1.15926,79
2025-11-18 03:45:00+00:00,1.15926,1.1593,1.15917,1.15928,69
2025-11-18 03:50:00+00:00,1.15928,1.1593,1.15909,1.15917,80
2025-11-18 03:55:00+00:00,1.15917,1.15926,1.15913,1.1592,96
2025-11-18 04:00:00+00:00,1.15919,1.15921,1.15907,1.15909,88
2025-11-18 04:05:00+00:00,1.15909,1.1591,1.15884,1.15896,98
2025-11-18 04:10:00+00:00,1.15896,1.1591,1.15894,1.15902,115
2025-11-18 04:15:00+00:00,1.15902,1.15929,1.15896,1.15924,142
2025-11-18 04:20:00+00:00,1.15924,1.16009,1.15919,1.16005,306
2025-11-18 04:25:00+00:00,1.16006,1.16035,1.15983,1.15999,229
2025-11-18 04:30:00+00:00,1.16,1.16012,1.15992,1.15994,127
2025-11-18 04:35:00+00:00,1.15994,1.16018,1.15994,1.16003,105
2025-11-18 04:40:00+00:00,1.16003,1.16004,1.15992,1.1599599999999999,87
2025-11-18 04:45:00+00:00,1.1599599999999999,1.16,1.15978,1.15978,78
2025-11-18 04:50:00+00:00,1.15977,1.1598,1.15963,1.15963,93
2025-11-18 04:55:00+00:00,1.15964,1.1599599999999999,1.15951,1.15991,133
2025-11-18 05:00:00+00:00,1.1599,1.16,1.1598,1.15994,140
2025-11-18 05:05:00+00:00,1.15994,1.1599599999999999,1.15971,1.15976,68
2025-11-18 05:10:00+00:00,1.15976,1.1598,1.15948,1.15961,102
2025-11-18 05:15:00+00:00,1.15961,1.15971,1.1595900000000001,1.1597,65
2025-11-18 05:20:00+00:00,1.1597,1.15981,1.15967,1.15975,69
2025-11-18 05:25:00+00:00,1.15975,1.15978,1.15961,1.1597,78
2025-11-18 05:30:00+00:00,1.1597,1.15977,1.15965,1.15975,49
2025-11-18 05:35:00+00:00,1.15975,1.15977,1.15963,1.15976,51
2025-11-18 05:40:00+00:00,1.15976,1.15983,1.1597,1.15981,66
2025-11-18 05:45:00+00:00,1.15981,1.15997,1.15977,1.15988,82
2025-11-18 05:50:00+00:00,1.15988,1.15995,1.15983,1.15993,89
2025-11-18 05:55:00+00:00,1.1599,1.15995,1.15975,1.15975,122
2025-11-18 06:00:00+00:00,1.15974,1.15975,1.15933,1.15936,120
2025-11-18 06:05:00+00:00,1.15934,1.15946,1.15928,1.15946,56
2025-11-18 06:10:00+00:00,1.15946,1.15956,1.15942,1.15954,47
2025-11-18 06:15:00+00:00,1.15955,1.15963,1.15944,1.15951,80
2025-11-18 06:20:00+00:00,1.15951,1.15982,1.15951,1.15974,86
2025-11-18 06:25:00+00:00,1.15974,1.1598,1.15958,1.15961,82
2025-11-18 06:30:00+00:00,1.15963,1.15993,1.15953,1.15983,133
2025-11-18 06:35:00+00:00,1.15982,1.16008,1.1597,1.1598,179
2025-11-18 06:40:00+00:00,1.1598,1.15988,1.15966,1.15971,114
2025-11-18 06:45:00+00:00,1.15971,1.1598,1.15956,1.15963,129
2025-11-18 06:50:00+00:00,1.15963,1.15972,1.15943,1.15944,87
2025-11-18 06:55:00+00:00,1.15943,1.1596,1.15933,1.15939,142
2025-11-18 07:00:00+00:00,1.15938,1.15983,1.15931,1.15982,258
2025-11-18 07:05:00+00:00,1.15982,1.15994,1.1596899999999999,1.15983,197
2025-11-18 07:10:00+00:00,1.15981,1.1599,1.15964,1.15973,208
2025-11-18 07:15:00+00:00,1.15973,1.15991,1.1597,1.15985,153
2025-11-18 07:20:00+00:00,1.15987,1.1599,1.1596,1.1596,179
2025-11-18 07:25:00+00:00,1.15958,1.1597,1.15939,1.15945,148
2025-11-18 07:30:00+00:00,1.15944,1.15981,1.15938,1.15975,188
2025-11-18 07:35:00+00:00,1.15973,1.1598600000000001,1.15937,1.1595900000000001,192
2025-11-18 07:40:00+00:00,1.1595900000000001,1.15963,1.15942,1.15954,174
2025-11-18 07:45:00+00:00,1.15956,1.15973,1.15946,1.1595900000000001,128
2025-11-18 07:50:00+00:00,1.1595900000000001,1.15966,1.1594,1.15966,171
2025-11-18 07:55:00+00:00,1.15966,1.1596899999999999,1.15906,1.15907,206
2025-11-18 08:00:00+00:00,1.15906,1.15999,1.15903,1.15999,331
2025-11-18 08:05:00+00:00,1.16002,1.1605,1.1599599999999999,1.16039,271
2025-11-18 08:10:00+00:00,1.1604,1.16058,1.16028,1.1604700000000001,191
2025-11-18 08:15:00+00:00,1.1604700000000001,1.1606,1.16009,1.16011,282
2025-11-18 08:20:00+00:00,1.16009,1.16043,1.16001,1.16023,196
2025-11-18 08:25:00+00:00,1.16023,1.1602999999999999,1.15982,1.15988,217
2025-11-18 08:30:00+00:00,1.1598600000000001,1.15997,1.1593499999999999,1.1593499999999999,241
2025-11-18 08:35:00+00:00,1.15934,1.15966,1.1590799999999999,1.15931,256
2025-11-18 08:40:00+00:00,1.15933,1.15938,1.15913,1.1593,194
2025-11-18 08:45:00+00:00,1.15928,1.15937,1.1590799999999999,1.15911,143
2025-11-18 08:50:00+00:00,1.15913,1.15951,1.15909,1.15949,213
2025-11-18 08:55:00+00:00,1.1595,1.15953,1.15894,1.15915,221
2025-11-18 09:00:00+00:00,1.15914,1.15938,1.15888,1.15938,246
2025-11-18 09:05:00+00:00,1.15937,1.15952,1.15875,1.15882,305
2025-11-18 09:10:00+00:00,1.15882,1.15913,1.15879,1.1591,170
2025-11-18 09:15:00+00:00,1.15911,1.1592500000000001,1.15875,1.15887,220
2025-11-18 09:20:00+00:00,1.15888,1.1589800000000001,1.15875,1.15888,136
2025-11-18 09:25:00+00:00,1.1589,1.15944,1.15888,1.1592500000000001,196
2025-11-18 09:30:00+00:00,1.15926,1.15933,1.15903,1.15933,186
2025-11-18 09:35:00+00:00,1.1593,1.15931,1.15899,1.15901,158
2025-11-18 09:40:00+00:00,1.15901,1.15909,1.1589,1.15909,135
2025-11-18 09:45:00+00:00,1.1591,1.15913,1.15894,1.15894,129
2025-11-18 09:50:00+00:00,1.15892,1.15901,1.15879,1.15885,118
2025-11-18 09:55:00+00:00,1.15885,1.15892,1.15869,1.15889,180
2025-11-18 10:00:00+00:00,1.15891,1.15906,1.15861,1.1588,222
2025-11-18 10:05:00+00:00,1.15879,1.15902,1.15876,1.15899,127
2025-11-18 10:10:00+00:00,1.15899,1.15899,1.1587399999999999,1.15879,110
2025-11-18 10:15:00+00:00,1.15879,1.15886,1.15838,1.15845,133
2025-11-18 10:20:00+00:00,1.15845,1.15848,1.15811,1.15828,198
2025-11-18 10:25:00+00:00,1.15828,1.15829,1.158,1.1580300000000001,182
2025-11-18 10:30:00+00:00,1.15804,1.15833,1.1579,1.15826,207
2025-11-18 10:35:00+00:00,1.15826,1.15836,1.1581299999999999,1.15822,111
2025-11-18 10:40:00+00:00,1.15821,1.1583,1.15816,1.15825,118
2025-11-18 10:45:00+00:00,1.15823,1.15839,1.15814,1.1583,127
2025-11-18 10:50:00+00:00,1.15827,1.15843,1.15815,1.15817,145
2025-11-18 10:55:00+00:00,1.15815,1.15825,1.15806,1.15815,135
2025-11-18 11:00:00+00:00,1.15815,1.1584,1.15805,1.1581299999999999,158
2025-11-18 11:05:00+00:00,1.15811,1.15823,1.15806,1.1581,114
2025-11-18 11:10:00+00:00,1.15809,1.15833,1.15797,1.15831,135
2025-11-18 11:15:00+00:00,1.1583,1.15845,1.15817,1.15845,147
2025-11-18 11:20:00+00:00,1.15843,1.1584699999999999,1.1581,1.15829,150
2025-11-18 11:25:00+00:00,1.15827,1.15827,1.15801,1.15817,107
2025-11-18 11:30:00+00:00,1.15817,1.15846,1.15817,1.15845,113
2025-11-18 11:35:00+00:00,1.15846,1.15861,1.1584,1.15855,145
2025-11-18 11:40:00+00:00,1.15855,1.15866,1.1585,1.15866,97
2025-11-18 11:45:00+00:00,1.15865,1.15881,1.1585,1.15855,109
2025-11-18 11:50:00+00:00,1.15855,1.15869,1.15849,1.15851,95
2025-11-18 11:55:00+00:00,1.15851,1.15855,1.15829,1.15842,178
2025-11-18 12:00:00+00:00,1.15844,1.15871,1.15827,1.15871,179
2025-11-18 12:05:00+00:00,1.1587399999999999,1.15894,1.15859,1.15889,136
2025-11-18 12:10:00+00:00,1.15889,1.15909,1.15868,1.15889,190
2025-11-18 12:15:00+00:00,1.15891,1.15901,1.1586400000000001,1.15866,152
2025-11-18 12:20:00+00:00,1.15866,1.15871,1.15849,1.15856,166
2025-11-18 12:25:00+00:00,1.15855,1.15867,1.1584,1.15843,161
2025-11-18 12:30:00+00:00,1.15844,1.15892,1.1584,1.15889,144
2025-11-18 12:35:00+00:00,1.15888,1.15899,1.15858,1.15871,154
2025-11-18 12:40:00+00:00,1.15871,1.15885,1.15854,1.15854,119
2025-11-18 12:45:00+00:00,1.15853,1.15869,1.15853,1.1586,161
2025-11-18 12:50:00+00:00,1.1586,1.15895,1.15858,1.15894,139
2025-11-18 12:55:00+00:00,1.15894,1.15924,1.15891,1.15916,180
2025-11-18 13:00:00+00:00,1.15918,1.15948,1.15915,1.15936,247
2025-11-18 13:05:00+00:00,1.1593499999999999,1.15951,1.15891,1.15891,215
2025-11-18 13:10:00+00:00,1.15891,1.15906,1.15877,1.15896,199
2025-11-18 13:15:00+00:00,1.15895,1.15956,1.15895,1.15956,204
2025-11-18 13:20:00+00:00,1.15956,1.15978,1.15937,1.15947,252
2025-11-18 13:25:00+00:00,1.15949,1.16002,1.15949,1.15975,375
2025-11-18 13:30:00+00:00,1.15974,1.16015,1.15926,1.15946,552
2025-11-18 13:35:00+00:00,1.15946,1.1599,1.15943,1.15989,304
2025-11-18 13:40:00+00:00,1.1598600000000001,1.16018,1.15967,1.15992,292
2025-11-18 13:45:00+00:00,1.15994,1.16003,1.15973,1.15978,235
2025-11-18 13:50:00+00:00,1.15978,1.16011,1.15967,1.15971,251
2025-11-18 13:55:00+00:00,1.1596899999999999,1.15983,1.15957,1.15965,217
2025-11-18 14:00:00+00:00,1.15967,1.1599,1.15967,1.15978,179
2025-11-18 14:05:00+00:00,1.15978,1.15984,1.15964,1.1597,179
2025-11-18 14:10:00+00:00,1.15968,1.15988,1.15951,1.1595900000000001,214
2025-11-18 14:15:00+00:00,1.15957,1.15978,1.15957,1.15974,160
2025-11-18 14:20:00+00:00,1.15975,1.15993,1.15958,1.15989,159
2025-11-18 14:25:00+00:00,1.1599,1.15994,1.15953,1.1596899999999999,189
2025-11-18 14:30:00+00:00,1.1596899999999999,1.1597,1.15927,1.15962,295
2025-11-18 14:35:00+00:00,1.1596,1.15997,1.1595900000000001,1.1598600000000001,238
2025-11-18 14:40:00+00:00,1.1598600000000001,1.15992,1.15962,1.15964,215
2025-11-18 14:45:00+00:00,1.15963,1.15983,1.15953,1.15965,207
2025-11-18 14:50:00+00:00,1.15965,1.15974,1.15929,1.15958,249
2025-11-18 14:55:00+00:00,1.15958,1.16018,1.15956,1.15997,269
2025-11-18 15:00:00+00:00,1.15999,1.16056,1.15998,1.16053,281
2025-11-18 15:05:00+00:00,1.16054,1.16056,1.15987,1.15991,312
2025-11-18 15:10:00+00:00,1.15991,1.16022,1.15971,1.16015,241
2025-11-18 15:15:00+00:00,1.16014,1.16042,1.16012,1.16035,218
2025-11-18 15:20:00+00:00,1.16035,1.16036,1.15979,1.16004,304
2025-11-18 15:25:00+00:00,1.16006,1.1605699999999999,1.16003,1.1605699999999999,226
2025-11-18 15:30:00+00:00,1.16053,1.16076,1.16024,1.16027,323
2025-11-18 15:35:00+00:00,1.16027,1.16048,1.16019,1.16028,263
2025-11-18 15:40:00+00:00,1.16028,1.16038,1.15991,1.15993,229
2025-11-18 15:45:00+00:00,1.15993,1.1599599999999999,1.15946,1.1595,239
2025-11-18 15:50:00+00:00,1.15951,1.15952,1.15912,1.15912,263
2025-11-18 15:55:00+00:00,1.1591,1.1591,1.15814,1.15817,380
2025-11-18 16:00:00+00:00,1.15819,1.15836,1.15769,1.15801,439
2025-11-18 16:05:00+00:00,1.15802,1.1583,1.15754,1.15769,379
2025-11-18 16:10:00+00:00,1.15768,1.15787,1.15722,1.15769,368
2025-11-18 16:15:00+00:00,1.15769,1.1579,1.1575,1.15773,263
2025-11-18 16:20:00+00:00,1.15773,1.15781,1.15736,1.15756,287
2025-11-18 16:25:00+00:00,1.15758,1.15769,1.15731,1.15741,307
2025-11-18 16:30:00+00:00,1.1574,1.1577600000000001,1.15736,1.1576,261
2025-11-18 16:35:00+00:00,1.1576,1.15793,1.15756,1.15767,228
2025-11-18 16:40:00+00:00,1.15768,1.15777,1.15756,1.15765,189
2025-11-18 16:45:00+00:00,1.15765,1.15793,1.15761,1.15779,151
2025-11-18 16:50:00+00:00,1.15778,1.15787,1.1576,1.15768,152
2025-11-18 16:55:00+00:00,1.15766,1.15789,1.15758,1.15789,191
2025-11-18 17:00:00+00:00,1.15788,1.1580300000000001,1.15783,1.15798,156
2025-11-18 17:05:00+00:00,1.15798,1.15798,1.15772,1.15773,116
2025-11-18 17:10:00+00:00,1.15772,1.15779,1.15732,1.15773,164
2025-11-18 17:15:00+00:00,1.15774,1.15783,1.15724,1.15727,181
2025-11-18 17:20:00+00:00,1.15728,1.15737,1.15717,1.15722,153
2025-11-18 17:25:00+00:00,1.15721,1.15746,1.15721,1.15728,192
2025-11-18 17:30:00+00:00,1.15728,1.1576,1.15724,1.15757,192
2025-11-18 17:35:00+00:00,1.15757,1.15763,1.15736,1.15753,144
2025-11-18 17:40:00+00:00,1.15753,1.15753,1.1572,1.15723,189
2025-11-18 17:45:00+00:00,1.15723,1.1575199999999999,1.15711,1.15751,141
2025-11-18 17:50:00+00:00,1.1575,1.15757,1.15744,1.15748,114
2025-11-18 17:55:00+00:00,1.15747,1.15759,1.15738,1.15753,154
2025-11-18 18:00:00+00:00,1.15755,1.15778,1.15749,1.1575,190
2025-11-18 18:05:00+00:00,1.1575,1.15766,1.15746,1.1576,120
2025-11-18 18:10:00+00:00,1.1576,1.1579,1.15756,1.15788,155
2025-11-18 18:15:00+00:00,1.15788,1.15806,1.15785,1.15789,118
2025-11-18 18:20:00+00:00,1.15788,1.15808,1.15786,1.158,128
2025-11-18 18:25:00+00:00,1.15801,1.15817,1.15796,1.15814,157
2025-11-18 18:30:00+00:00,1.1581299999999999,1.15819,1.158,1.15816,138
2025-11-18 18:35:00+00:00,1.15817,1.15841,1.15815,1.15824,134
2025-11-18 18:40:00+00:00,1.15824,1.15853,1.15809,1.15846,131
2025-11-18 18:45:00+00:00,1.15846,1.15853,1.15836,1.15841,142
2025-11-18 18:50:00+00:00,1.15841,1.15848,1.15829,1.15831,120
2025-11-18 18:55:00+00:00,1.1583,1.1584,1.15808,1.15818,144
2025-11-18 19:00:00+00:00,1.15816,1.15822,1.158,1.15822,156
2025-11-18 19:05:00+00:00,1.15822,1.15834,1.15817,1.15833,86
2025-11-18 19:10:00+00:00,1.15833,1.15841,1.15821,1.15841,100
2025-11-18 19:15:00+00:00,1.1584,1.15856,1.15839,1.15848,113
2025-11-18 19:20:00+00:00,1.1585,1.15854,1.15843,1.1584699999999999,84
2025-11-18 19:25:00+00:00,1.15846,1.15855,1.15842,1.15843,84
2025-11-18 19:30:00+00:00,1.15843,1.1584699999999999,1.15833,1.1584699999999999,84
2025-11-18 19:35:00+00:00,1.1584699999999999,1.15853,1.15835,1.15845,94
2025-11-18 19:40:00+00:00,1.15844,1.15846,1.15828,1.15839,108
2025-11-18 19:45:00+00:00,1.15841,1.15842,1.15832,1.15836,69
2025-11-18 19:50:00+00:00,1.15836,1.15862,1.15836,1.1586,86
2025-11-18 19:55:00+00:00,1.1586,1.15867,1.15849,1.15851,130
2025-11-18 20:00:00+00:00,1.1585,1.15859,1.15845,1.15853,121
2025-11-18 20:05:00+00:00,1.15852,1.1586400000000001,1.1585,1.15861,70
2025-11-18 20:10:00+00:00,1.15861,1.15865,1.15858,1.15861,62
2025-11-18 20:15:00+00:00,1.15861,1.1586400000000001,1.15832,1.15836,99
2025-11-18 20:20:00+00:00,1.15836,1.15841,1.15829,1.15839,86
2025-11-18 20:25:00+00:00,1.1583700000000001,1.15838,1.15823,1.15827,83
2025-11-18 20:30:00+00:00,1.15827,1.15831,1.15815,1.15816,89
2025-11-18 20:35:00+00:00,1.15816,1.15822,1.15805,1.15819,107
2025-11-18 20:40:00+00:00,1.15819,1.15836,1.15814,1.15816,93
2025-11-18 20:45:00+00:00,1.15816,1.15818,1.1581,1.15818,67
2025-11-18 20:50:00+00:00,1.15817,1.15817,1.15785,1.15794,158
2025-11-18 20:55:00+00:00,1.15794,1.15811,1.15784,1.1580300000000001,160
2025-11-18 21:00:00+00:00,1.1580300000000001,1.1580300000000001,1.15791,1.15794,89
2025-11-18 21:05:00+00:00,1.15794,1.15807,1.15779,1.15805,60
2025-11-18 21:10:00+00:00,1.15805,1.15826,1.158,1.15824,71
2025-11-18 21:15:00+00:00,1.15824,1.15832,1.15819,1.15823,65
2025-11-18 21:20:00+00:00,1.15822,1.15822,1.15812,1.15815,51
2025-11-18 21:25:00+00:00,1.15815,1.15823,1.15808,1.15814,66
2025-11-18 21:30:00+00:00,1.15815,1.15815,1.15781,1.15793,83
2025-11-18 21:35:00+00:00,1.15793,1.15802,1.15782,1.15783,64
2025-11-18 21:40:00+00:00,1.15783,1.1579,1.15779,1.15788,52
2025-11-18 21:45:00+00:00,1.15787,1.15799,1.15786,1.15797,77
2025-11-18 21:50:00+00:00,1.15796,1.15796,1.15781,1.15782,42
2025-11-18 21:55:00+00:00,1.15782,1.15804,1.15778,1.15787,70
2025-11-18 22:05:00+00:00,1.15785,1.15795,1.15777,1.15794,12
2025-11-18 22:10:00+00:00,1.15797,1.15797,1.1577600000000001,1.15779,21
2025-11-18 22:15:00+00:00,1.1578,1.15799,1.1578,1.15784,15
2025-11-18 22:20:00+00:00,1.15783,1.15792,1.15783,1.15785,39
2025-11-18 22:25:00+00:00,1.15785,1.15792,1.1578,1.15783,29
2025-11-18 22:30:00+00:00,1.15783,1.15785,1.15782,1.15783,18
2025-11-18 22:35:00+00:00,1.15783,1.15784,1.1578,1.15783,17
2025-11-18 22:40:00+00:00,1.15785,1.15808,1.15782,1.15794,50
2025-11-18 22:45:00+00:00,1.15795,1.15809,1.15781,1.15781,93
2025-11-18 22:50:00+00:00,1.15781,1.15785,1.15778,1.1578,65
2025-11-18 22:55:00+00:00,1.1578,1.15795,1.15757,1.15771,44
2025-11-18 23:00:00+00:00,1.15774,1.15805,1.15774,1.15797,122
2025-11-18 23:05:00+00:00,1.15797,1.15809,1.15795,1.15801,58
2025-11-18 23:10:00+00:00,1.15801,1.15804,1.15782,1.15784,61
2025-11-18 23:15:00+00:00,1.15783,1.15787,1.15774,1.15786,54
2025-11-18 23:20:00+00:00,1.15786,1.15808,1.15783,1.15808,54
2025-11-18 23:25:00+00:00,1.15808,1.15815,1.15807,1.15815,40
2025-11-18 23:30:00+00:00,1.15814,1.15814,1.158,1.15805,51
2025-11-18 23:35:00+00:00,1.15805,1.15809,1.15802,1.15802,30
2025-11-18 23:40:00+00:00,1.15802,1.15805,1.15794,1.15798,46
2025-11-18 23:45:00+00:00,1.15798,1.158,1.1579,1.1579,47
2025-11-18 23:50:00+00:00,1.1579,1.1580300000000001,1.15786,1.15798,52
2025-11-18 23:55:00+00:00,1.15798,1.15804,1.15798,1.15799,37
2025-11-19 00:00:00+00:00,1.15799,1.15818,1.15782,1.15817,143
2025-11-19 00:05:00+00:00,1.15817,1.15817,1.15804,1.1581299999999999,103
2025-11-19 00:10:00+00:00,1.1581299999999999,1.15829,1.15809,1.15822,78
2025-11-19 00:15:00+00:00,1.15822,1.15834,1.15818,1.1583,95
2025-11-19 00:20:00+00:00,1.1583,1.15836,1.15822,1.15825,79
2025-11-19 00:25:00+00:00,1.15825,1.15829,1.15814,1.15817,68
2025-11-19 00:30:00+00:00,1.15817,1.15835,1.15811,1.15829,77
2025-11-19 00:35:00+00:00,1.15829,1.15834,1.15823,1.15823,79
2025-11-19 00:40:00+00:00,1.15823,1.15833,1.15822,1.15828,94
2025-11-19 00:45:00+00:00,1.15828,1.15838,1.1582,1.15832,101
2025-11-19 00:50:00+00:00,1.15832,1.15839,1.15819,1.15823,154
2025-11-19 00:55:00+00:00,1.1582,1.15836,1.15817,1.15818,144
2025-11-19 01:00:00+00:00,1.15818,1.1583700000000001,1.15807,1.1581,139
2025-11-19 01:05:00+00:00,1.1581,1.15827,1.15781,1.15827,173
2025-11-19 01:10:00+00:00,1.15826,1.15845,1.15817,1.15839,135
2025-11-19 01:15:00+00:00,1.1584,1.15841,1.15826,1.15839,91
2025-11-19 01:20:00+00:00,1.15839,1.15839,1.15804,1.15804,103
2025-11-19 01:25:00+00:00,1.15804,1.15811,1.158,1.15805,70
2025-11-19 01:30:00+00:00,1.15805,1.1581299999999999,1.1580300000000001,1.15809,71
2025-11-19 01:35:00+00:00,1.15809,1.15817,1.15802,1.1580300000000001,85
2025-11-19 01:40:00+00:00,1.1580300000000001,1.15811,1.158,1.15804,87
2025-11-19 01:45:00+00:00,1.15804,1.1581,1.15788,1.15793,88
2025-11-19 01:50:00+00:00,1.15793,1.158,1.1576,1.15768,115
2025-11-19 01:55:00+00:00,1.15767,1.1577,1.15757,1.15766,106
2025-11-19 02:00:00+00:00,1.15765,1.15767,1.15727,1.15727,102
2025-11-19 02:05:00+00:00,1.15728,1.1575199999999999,1.15722,1.1574,127
2025-11-19 02:10:00+00:00,1.1574,1.15753,1.15731,1.1574200000000001,119
2025-11-19 02:15:00+00:00,1.15743,1.15779,1.1574200000000001,1.15769,132
2025-11-19 02:20:00+00:00,1.15769,1.15777,1.15764,1.15769,96
2025-11-19 02:25:00+00:00,1.15769,1.15778,1.15757,1.15773,99
2025-11-19 02:30:00+00:00,1.15775,1.1579,1.15771,1.15787,108
2025-11-19 02:35:00+00:00,1.15787,1.15799,1.15783,1.15796,88
2025-11-19 02:40:00+00:00,1.15796,1.1581299999999999,1.15793,1.15807,71
2025-11-19 02:45:00+00:00,1.15807,1.1581299999999999,1.15802,1.15806,69
2025-11-19 02:50:00+00:00,1.15806,1.1581,1.15791,1.15795,95
2025-11-19 02:55:00+00:00,1.15797,1.15798,1.1577600000000001,1.15787,75
2025-11-19 03:00:00+00:00,1.15786,1.15798,1.15784,1.1579,80
2025-11-19 03:05:00+00:00,1.15789,1.15796,1.15785,1.15787,50
2025-11-19 03:10:00+00:00,1.15786,1.15786,1.15775,1.15778,35
2025-11-19 03:15:00+00:00,1.15777,1.15794,1.15777,1.15785,75
2025-11-19 03:20:00+00:00,1.15785,1.15804,1.15766,1.15802,142
2025-11-19 03:25:00+00:00,1.15802,1.1580300000000001,1.15792,1.15797,80
2025-11-19 03:30:00+00:00,1.15798,1.15804,1.15784,1.15804,98
2025-11-19 03:35:00+00:00,1.15804,1.15808,1.15792,1.158,70
2025-11-19 03:40:00+00:00,1.15799,1.15823,1.15798,1.15819,70
2025-11-19 03:45:00+00:00,1.15819,1.1583700000000001,1.15818,1.15826,96
2025-11-19 03:50:00+00:00,1.15826,1.15829,1.15821,1.15824,68
2025-11-19 03:55:00+00:00,1.15824,1.15835,1.15815,1.15835,118
2025-11-19 04:00:00+00:00,1.15834,1.15836,1.15824,1.15828,103
2025-11-19 04:05:00+00:00,1.15828,1.15828,1.15808,1.15808,72
2025-11-19 04:10:00+00:00,1.15808,1.15818,1.15804,1.15807,85
2025-11-19 04:15:00+00:00,1.15806,1.15807,1.15789,1.15793,100
2025-11-19 04:20:00+00:00,1.15793,1.15795,1.15773,1.15779,64
2025-11-19 04:25:00+00:00,1.1578,1.15797,1.15777,1.15789,60
2025-11-19 04:30:00+00:00,1.15789,1.1580300000000001,1.15787,1.15798,75
2025-11-19 04:35:00+00:00,1.15798,1.15805,1.15789,1.15805,68
2025-11-19 04:40:00+00:00,1.15805,1.15809,1.15796,1.158,41
2025-11-19 04:45:00+00:00,1.158,1.15815,1.15796,1.15805,72
2025-11-19 04:50:00+00:00,1.15805,1.15819,1.15798,1.15814,70
2025-11-19 04:55:00+00:00,1.15814,1.15838,1.15809,1.15838,92
2025-11-19 05:00:00+00:00,1.15838,1.1586,1.15833,1.15843,128
2025-11-19 05:05:00+00:00,1.15845,1.1585,1.1584,1.15846,78
2025-11-19 05:10:00+00:00,1.1584699999999999,1.15849,1.1583,1.15841,81
2025-11-19 05:15:00+00:00,1.1584,1.15844,1.15831,1.15832,63
2025-11-19 05:20:00+00:00,1.15832,1.1583700000000001,1.15829,1.15833,52
2025-11-19 05:25:00+00:00,1.15833,1.15841,1.15833,1.15838,61
2025-11-19 05:30:00+00:00,1.15839,1.15859,1.15839,1.15859,87
2025-11-19 05:35:00+00:00,1.15859,1.15871,1.15853,1.15862,86
2025-11-19 05:40:00+00:00,1.1586400000000001,1.15879,1.15855,1.15877,102
2025-11-19 05:45:00+00:00,1.15878,1.15888,1.15869,1.15871,113
2025-11-19 05:50:00+00:00,1.15871,1.15904,1.15866,1.15889,152
2025-11-19 05:55:00+00:00,1.15889,1.15896,1.15879,1.15887,126
2025-11-19 06:00:00+00:00,1.15886,1.15895,1.1588,1.15881,102
2025-11-19 06:05:00+00:00,1.15881,1.15906,1.15881,1.15902,86
2025-11-19 06:10:00+00:00,1.15902,1.15906,1.15896,1.15897,80
2025-11-19 06:15:00+00:00,1.15897,1.15897,1.1588,1.15891,57
2025-11-19 06:20:00+00:00,1.15891,1.15907,1.15889,1.15891,124
2025-11-19 06:25:00+00:00,1.1589,1.15912,1.15888,1.159,86
2025-11-19 06:30:00+00:00,1.159,1.15913,1.15895,1.1589800000000001,82
2025-11-19 06:35:00+00:00,1.15899,1.15905,1.15893,1.15895,67
2025-11-19 06:40:00+00:00,1.15895,1.1589800000000001,1.15879,1.15887,80
2025-11-19 06:45:00+00:00,1.15887,1.15899,1.15883,1.15891,79
2025-11-19 06:50:00+00:00,1.1589,1.15896,1.15877,1.15886,91
2025-11-19 06:55:00+00:00,1.15885,1.15885,1.1586,1.15866,108
2025-11-19 07:00:00+00:00,1.15867,1.15879,1.15848,1.15863,209
2025-11-19 07:05:00+00:00,1.15863,1.15863,1.15827,1.15831,172
2025-11-19 07:10:00+00:00,1.15829,1.15854,1.15827,1.15845,138
2025-11-19 07:15:00+00:00,1.15842,1.15876,1.15832,1.15872,142
2025-11-19 07:20:00+00:00,1.1587,1.15875,1.15852,1.15871,142
2025-11-19 07:25:00+00:00,1.1587,1.15886,1.15865,1.1588,122
2025-11-19 07:30:00+00:00,1.15881,1.1594,1.15877,1.15936,177
2025-11-19 07:35:00+00:00,1.15936,1.15944,1.15922,1.15938,144
2025-11-19 07:40:00+00:00,1.15938,1.1596899999999999,1.15932,1.15957,159
2025-11-19 07:45:00+00:00,1.15955,1.1595900000000001,1.15922,1.15928,118
2025-11-19 07:50:00+00:00,1.15928,1.15949,1.1588,1.15882,216
2025-11-19 07:55:00+00:00,1.15883,1.15883,1.1577,1.15812,779
2025-11-19 08:00:00+00:00,1.15814,1.15888,1.15814,1.15843,488
2025-11-19 08:05:00+00:00,1.15841,1.15853,1.15784,1.158,308
2025-11-19 08:10:00+00:00,1.15798,1.15815,1.15785,1.15812,284
2025-11-19 08:15:00+00:00,1.15811,1.15825,1.15797,1.15818,187
2025-11-19 08:20:00+00:00,1.15818,1.1584,1.1579,1.15829,208
2025-11-19 08:25:00+00:00,1.15831,1.15831,1.158,1.15812,208
2025-11-19 08:30:00+00:00,1.1581,1.15815,1.15757,1.15781,207
2025-11-19 08:35:00+00:00,1.15779,1.15779,1.15751,1.1575199999999999,167
2025-11-19 08:40:00+00:00,1.1575199999999999,1.15753,1.15716,1.15749,243
2025-11-19 08:45:00+00:00,1.15751,1.1577600000000001,1.15748,1.15754,204
2025-11-19 08:50:00+00:00,1.15754,1.15754,1.15707,1.15724,173
2025-11-19 08:55:00+00:00,1.15725,1.1574200000000001,1.15722,1.15731,198
2025-11-19 09:00:00+00:00,1.15729,1.15746,1.157,1.15743,233
2025-11-19 09:05:00+00:00,1.15743,1.15787,1.15743,1.15786,163
2025-11-19 09:10:00+00:00,1.15786,1.15801,1.15756,1.15786,182
2025-11-19 09:15:00+00:00,1.15786,1.15786,1.15756,1.1577600000000001,167
2025-11-19 09:20:00+00:00,1.1577600000000001,1.1577600000000001,1.15731,1.15732,166
2025-11-19 09:25:00+00:00,1.15732,1.1576,1.15717,1.15754,198
2025-11-19 09:30:00+00:00,1.15754,1.15767,1.15719,1.15732,201
2025-11-19 09:35:00+00:00,1.15732,1.1574200000000001,1.15685,1.15719,269
2025-11-19 09:40:00+00:00,1.15719,1.15727,1.15693,1.15697,218
2025-11-19 09:45:00+00:00,1.15696,1.157,1.15652,1.15678,229
2025-11-19 09:50:00+00:00,1.15676,1.15735,1.1567,1.15733,286
2025-11-19 09:55:00+00:00,1.15733,1.15749,1.15728,1.15729,176
2025-11-19 10:00:00+00:00,1.15728,1.1575,1.15706,1.15709,169
2025-11-19 10:05:00+00:00,1.15708,1.15731,1.15702,1.15709,208
2025-11-19 10:10:00+00:00,1.15709,1.1571,1.15674,1.15682,177
2025-11-19 10:15:00+00:00,1.15682,1.15719,1.15678,1.1571799999999999,178
2025-11-19 10:20:00+00:00,1.1571799999999999,1.15719,1.15682,1.15693,215
2025-11-19 10:25:00+00:00,1.15693,1.15709,1.15685,1.15705,171
2025-11-19 10:30:00+00:00,1.15704,1.15711,1.15685,1.15701,191
2025-11-19 10:35:00+00:00,1.157,1.15725,1.157,1.15716,224
2025-11-19 10:40:00+00:00,1.15714,1.15769,1.15713,1.15769,233
2025-11-19 10:45:00+00:00,1.15769,1.1577,1.15702,1.15709,226
2025-11-19 10:50:00+00:00,1.15707,1.1573,1.15689,1.15714,185
2025-11-19 10:55:00+00:00,1.15713,1.15739,1.15686,1.1569,236
2025-11-19 11:00:00+00:00,1.15688,1.15722,1.1568100000000001,1.15704,247
2025-11-19 11:05:00+00:00,1.15702,1.1574,1.15693,1.15726,246
2025-11-19 11:10:00+00:00,1.15726,1.15767,1.15723,1.15758,249
2025-11-19 11:15:00+00:00,1.15754,1.1581,1.15751,1.15796,300
2025-11-19 11:20:00+00:00,1.15796,1.15798,1.1574200000000001,1.15746,150
2025-11-19 11:25:00+00:00,1.15745,1.15797,1.15731,1.15794,181
2025-11-19 11:30:00+00:00,1.15794,1.1584,1.15788,1.15824,223
2025-11-19 11:35:00+00:00,1.15824,1.15835,1.15796,1.15817,239
2025-11-19 11:40:00+00:00,1.15816,1.15849,1.1581299999999999,1.15832,157
2025-11-19 11:45:00+00:00,1.15832,1.15839,1.15802,1.15822,152
2025-11-19 11:50:00+00:00,1.15822,1.15861,1.1582,1.15856,180
2025-11-19 11:55:00+00:00,1.15856,1.15871,1.15849,1.15859,181
2025-11-19 12:00:00+00:00,1.15859,1.15882,1.15844,1.15873,223
2025-11-19 12:05:00+00:00,1.15873,1.1589,1.15867,1.15871,164
2025-11-19 12:10:00+00:00,1.1587,1.1588,1.15853,1.15853,134
2025-11-19 12:15:00+00:00,1.15851,1.15857,1.15833,1.15843,144
2025-11-19 12:20:00+00:00,1.15843,1.15845,1.15795,1.15807,136
2025-11-19 12:25:00+00:00,1.15807,1.1583700000000001,1.15805,1.15828,133
2025-11-19 12:30:00+00:00,1.15827,1.15846,1.15824,1.15825,123
2025-11-19 12:35:00+00:00,1.15825,1.15834,1.15796,1.15822,177
2025-11-19 12:40:00+00:00,1.15822,1.15845,1.15789,1.15804,161
2025-11-19 12:45:00+00:00,1.15804,1.15835,1.15795,1.15824,159
2025-11-19 12:50:00+00:00,1.15827,1.15845,1.15806,1.15808,120
2025-11-19 12:55:00+00:00,1.15808,1.15808,1.15757,1.15779,262
2025-11-19 13:00:00+00:00,1.1578,1.1581299999999999,1.1577,1.15796,215
2025-11-19 13:05:00+00:00,1.15796,1.15843,1.15796,1.1582,195
2025-11-19 13:10:00+00:00,1.15821,1.15866,1.15817,1.1585,241
2025-11-19 13:15:00+00:00,1.1584699999999999,1.15888,1.15839,1.15887,186
2025-11-19 13:20:00+00:00,1.15889,1.15905,1.1585,1.1585,208
2025-11-19 13:25:00+00:00,1.1585,1.1586400000000001,1.15832,1.15832,143
2025-11-19 13:30:00+00:00,1.15832,1.15835,1.15781,1.15787,159
2025-11-19 13:35:00+00:00,1.15788,1.15789,1.1576,1.15775,184
2025-11-19 13:40:00+00:00,1.15775,1.1578,1.15743,1.15744,166
2025-11-19 13:45:00+00:00,1.15743,1.15748,1.15723,1.15738,219
2025-11-19 13:50:00+00:00,1.15739,1.15763,1.15728,1.15733,224
2025-11-19 13:55:00+00:00,1.15733,1.1575199999999999,1.15705,1.15725,269
2025-11-19 14:00:00+00:00,1.15726,1.15737,1.15696,1.15714,252
2025-11-19 14:05:00+00:00,1.1571500000000001,1.15725,1.15642,1.15649,265
2025-11-19 14:10:00+00:00,1.15649,1.15665,1.15636,1.15637,218
2025-11-19 14:15:00+00:00,1.15639,1.15648,1.1558,1.15591,296
2025-11-19 14:20:00+00:00,1.15592,1.15601,1.15564,1.15601,270
2025-11-19 14:25:00+00:00,1.15602,1.1562999999999999,1.15589,1.15592,239
2025-11-19 14:30:00+00:00,1.15591,1.15644,1.15587,1.15632,323
2025-11-19 14:35:00+00:00,1.15634,1.15642,1.15602,1.15619,287
2025-11-19 14:40:00+00:00,1.1562000000000001,1.15626,1.15602,1.15605,289
2025-11-19 14:45:00+00:00,1.15606,1.15606,1.15574,1.15592,280
2025-11-19 14:50:00+00:00,1.1559,1.15606,1.1556899999999999,1.1558,313
2025-11-19 14:55:00+00:00,1.1558,1.15587,1.15545,1.15548,284
2025-11-19 15:00:00+00:00,1.15548,1.15562,1.15503,1.15507,325
2025-11-19 15:05:00+00:00,1.15509,1.15514,1.15476,1.15483,334
2025-11-19 15:10:00+00:00,1.15485,1.15543,1.15466,1.15543,319
2025-11-19 15:15:00+00:00,1.15543,1.1555,1.15515,1.15521,270
2025-11-19 15:20:00+00:00,1.1552,1.15529,1.1549800000000001,1.15503,257
2025-11-19 15:25:00+00:00,1.15499,1.1550799999999999,1.15481,1.15491,231
2025-11-19 15:30:00+00:00,1.15491,1.15497,1.15457,1.15476,246
2025-11-19 15:35:00+00:00,1.15476,1.15505,1.15467,1.15477,229
2025-11-19 15:40:00+00:00,1.15477,1.15477,1.15417,1.15424,236
2025-11-19 15:45:00+00:00,1.15422,1.15442,1.15401,1.15412,248
2025-11-19 15:50:00+00:00,1.1541,1.1547,1.15401,1.15456,345
2025-11-19 15:55:00+00:00,1.15458,1.15478,1.15452,1.15464,286
2025-11-19 16:00:00+00:00,1.15462,1.15473,1.15426,1.15443,213
2025-11-19 16:05:00+00:00,1.15443,1.15446,1.15397,1.15397,216
2025-11-19 16:10:00+00:00,1.15398,1.15431,1.1539,1.15428,234
2025-11-19 16:15:00+00:00,1.15428,1.1543700000000001,1.15362,1.15373,236
2025-11-19 16:20:00+00:00,1.15374,1.15385,1.15357,1.1536,213
2025-11-19 16:25:00+00:00,1.1536,1.15363,1.15345,1.15356,277
2025-11-19 16:30:00+00:00,1.15354,1.15381,1.15344,1.15362,241
2025-11-19 16:35:00+00:00,1.15361,1.15378,1.15347,1.15356,196
2025-11-19 16:40:00+00:00,1.15358,1.15393,1.15345,1.15388,209
2025-11-19 16:45:00+00:00,1.15389,1.154,1.15359,1.154,185
2025-11-19 16:50:00+00:00,1.154,1.15419,1.15383,1.15385,198
2025-11-19 16:55:00+00:00,1.15384,1.15396,1.15373,1.1539,181
2025-11-19 17:00:00+00:00,1.15393,1.15421,1.15391,1.15416,194
2025-11-19 17:05:00+00:00,1.15416,1.15416,1.15367,1.15382,182
2025-11-19 17:10:00+00:00,1.15383,1.15405,1.15378,1.15381,163
2025-11-19 17:15:00+00:00,1.15381,1.15391,1.15365,1.15368,203
2025-11-19 17:20:00+00:00,1.15366,1.1537,1.15289,1.15302,356
2025-11-19 17:25:00+00:00,1.15303,1.15317,1.15274,1.15294,252
2025-11-19 17:30:00+00:00,1.15292,1.15306,1.15278,1.15278,199
2025-11-19 17:35:00+00:00,1.15278,1.15295,1.15256,1.15284,246
2025-11-19 17:40:00+00:00,1.15284,1.15308,1.15274,1.15306,176
2025-11-19 17:45:00+00:00,1.15306,1.15308,1.1527,1.15287,181
2025-11-19 17:50:00+00:00,1.15286,1.15305,1.15278,1.15289,167
2025-11-19 17:55:00+00:00,1.1529,1.15332,1.15282,1.1532499999999999,230
2025-11-19 18:00:00+00:00,1.15328,1.15331,1.15294,1.15309,174
2025-11-19 18:05:00+00:00,1.15307,1.15314,1.15288,1.1531,145
2025-11-19 18:10:00+00:00,1.15309,1.15329,1.15302,1.15329,123
2025-11-19 18:15:00+00:00,1.15329,1.1534200000000001,1.1532499999999999,1.15331,132
2025-11-19 18:20:00+00:00,1.1533,1.15334,1.15312,1.15324,138
2025-11-19 18:25:00+00:00,1.15323,1.1534,1.15322,1.15328,97
2025-11-19 18:30:00+00:00,1.1533,1.15341,1.15317,1.1532,110
2025-11-19 18:35:00+00:00,1.15318,1.15348,1.15309,1.15344,143
2025-11-19 18:40:00+00:00,1.15344,1.15357,1.15329,1.15353,161
2025-11-19 18:45:00+00:00,1.15354,1.1537,1.15332,1.15337,159
2025-11-19 18:50:00+00:00,1.15335,1.15344,1.15326,1.1533,106
2025-11-19 18:55:00+00:00,1.1533,1.15334,1.15293,1.15295,137
2025-11-19 19:00:00+00:00,1.15295,1.15309,1.15234,1.15249,372
2025-11-19 19:05:00+00:00,1.1525,1.15268,1.15173,1.15237,564
2025-11-19 19:10:00+00:00,1.15237,1.1525,1.15227,1.15232,242
2025-11-19 19:15:00+00:00,1.15232,1.15255,1.15218,1.15228,192
2025-11-19 19:20:00+00:00,1.15228,1.1524,1.15217,1.15224,196
2025-11-19 19:25:00+00:00,1.15224,1.15255,1.15216,1.15236,191
2025-11-19 19:30:00+00:00,1.15236,1.15261,1.15216,1.15259,164
2025-11-19 19:35:00+00:00,1.15259,1.15259,1.15236,1.15236,156
2025-11-19 19:40:00+00:00,1.15237,1.15241,1.15222,1.15228,177
2025-11-19 19:45:00+00:00,1.15228,1.1522999999999999,1.15214,1.15216,143
2025-11-19 19:50:00+00:00,1.15215,1.1522000000000001,1.15192,1.15198,181
2025-11-19 19:55:00+00:00,1.15198,1.15212,1.15181,1.15208,252
2025-11-19 20:00:00+00:00,1.15208,1.15233,1.15197,1.15229,186
2025-11-19 20:05:00+00:00,1.15229,1.15245,1.15228,1.15244,126
2025-11-19 20:10:00+00:00,1.15243,1.15268,1.15241,1.15266,134
2025-11-19 20:15:00+00:00,1.15266,1.15278,1.1526,1.15275,131
2025-11-19 20:20:00+00:00,1.15277,1.15277,1.15252,1.15265,113
2025-11-19 20:25:00+00:00,1.15265,1.15283,1.15261,1.15269,131
2025-11-19 20:30:00+00:00,1.15269,1.1527,1.15257,1.15269,102
2025-11-19 20:35:00+00:00,1.1527,1.15273,1.1525400000000001,1.15266,100
2025-11-19 20:40:00+00:00,1.15266,1.15279,1.1526399999999999,1.15277,95
2025-11-19 20:45:00+00:00,1.15277,1.15277,1.15257,1.15258,74
2025-11-19 20:50:00+00:00,1.15258,1.15272,1.15249,1.15265,116
2025-11-19 20:55:00+00:00,1.15267,1.1528100000000001,1.15258,1.15259,120
2025-11-19 21:00:00+00:00,1.15258,1.15258,1.15244,1.15251,82
2025-11-19 21:05:00+00:00,1.15251,1.15263,1.15244,1.15257,75
2025-11-19 21:10:00+00:00,1.15256,1.1526,1.15241,1.15241,54
2025-11-19 21:15:00+00:00,1.15242,1.15246,1.15229,1.1524,62
2025-11-19 21:20:00+00:00,1.1524,1.15253,1.15227,1.15252,141
2025-11-19 21:25:00+00:00,1.15252,1.15278,1.15249,1.15273,120
2025-11-19 21:30:00+00:00,1.15273,1.15353,1.15269,1.1535199999999999,179
2025-11-19 21:35:00+00:00,1.15351,1.15365,1.1534,1.15353,108
2025-11-19 21:40:00+00:00,1.15355,1.15361,1.15347,1.15351,72
2025-11-19 21:45:00+00:00,1.15351,1.15382,1.1534,1.15378,110
2025-11-19 21:50:00+00:00,1.15378,1.15378,1.15356,1.15368,108
2025-11-19 21:55:00+00:00,1.1537,1.1538,1.15354,1.1536,152
2025-11-19 22:05:00+00:00,1.15362,1.15371,1.1535199999999999,1.15355,18
2025-11-19 22:10:00+00:00,1.15356,1.15371,1.15353,1.15354,12
2025-11-19 22:15:00+00:00,1.15356,1.1537,1.15353,1.15369,12
2025-11-19 22:20:00+00:00,1.15354,1.15374,1.15354,1.15357,9
2025-11-19 22:25:00+00:00,1.15372,1.15372,1.15354,1.15355,8
2025-11-19 22:30:00+00:00,1.15355,1.15374,1.15354,1.15373,36
2025-11-19 22:35:00+00:00,1.15373,1.15378,1.1536,1.15364,41
2025-11-19 22:40:00+00:00,1.15362,1.1537600000000001,1.15356,1.15362,25
2025-11-19 22:45:00+00:00,1.15362,1.1537600000000001,1.15356,1.15358,37
2025-11-19 22:50:00+00:00,1.15359,1.15375,1.1535199999999999,1.15374,57
2025-11-19 22:55:00+00:00,1.15374,1.15377,1.15371,1.15377,21
2025-11-19 23:00:00+00:00,1.15379,1.15394,1.15379,1.15389,67
2025-11-19 23:05:00+00:00,1.15389,1.15391,1.1537,1.15389,63
2025-11-19 23:10:00+00:00,1.15389,1.15397,1.15378,1.15394,77
2025-11-19 23:15:00+00:00,1.15394,1.15414,1.15394,1.15412,66
2025-11-19 23:20:00+00:00,1.15412,1.15416,1.15402,1.15406,80
2025-11-19 23:25:00+00:00,1.15406,1.15409,1.15396,1.15399,55
2025-11-19 23:30:00+00:00,1.154,1.15402,1.15382,1.15401,75
2025-11-19 23:35:00+00:00,1.15401,1.15401,1.15375,1.15378,93
2025-11-19 23:40:00+00:00,1.15379,1.15385,1.15363,1.15364,90
2025-11-19 23:45:00+00:00,1.15363,1.15379,1.15359,1.15378,70
2025-11-19 23:50:00+00:00,1.15378,1.15405,1.15374,1.15388,104
2025-11-19 23:55:00+00:00,1.15388,1.15392,1.15377,1.15391,64
2025-11-20 00:00:00+00:00,1.15391,1.15391,1.1534200000000001,1.15344,160
2025-11-20 00:05:00+00:00,1.15344,1.15362,1.15336,1.15361,137
2025-11-20 00:10:00+00:00,1.15361,1.15361,1.15333,1.1534200000000001,99
2025-11-20 00:15:00+00:00,1.15341,1.15347,1.15331,1.15333,82
2025-11-20 00:20:00+00:00,1.15332,1.15333,1.15305,1.15323,144
2025-11-20 00:25:00+00:00,1.15323,1.15326,1.15301,1.15307,138
2025-11-20 00:30:00+00:00,1.15308,1.15314,1.153,1.15303,126
2025-11-20 00:35:00+00:00,1.15303,1.15314,1.15294,1.15309,107
2025-11-20 00:40:00+00:00,1.15309,1.15317,1.15294,1.15298,112
2025-11-20 00:45:00+00:00,1.15299,1.15304,1.15293,1.15301,80
2025-11-20 00:50:00+00:00,1.15301,1.15319,1.15298,1.15305,174
2025-11-20 00:55:00+00:00,1.15303,1.15343,1.15285,1.1534,215
2025-11-20 01:00:00+00:00,1.1534,1.15351,1.15312,1.15324,155
2025-11-20 01:05:00+00:00,1.15322,1.15328,1.153,1.15302,96
2025-11-20 01:10:00+00:00,1.15302,1.15313,1.1529099999999999,1.15295,137
2025-11-20 01:15:00+00:00,1.15295,1.15305,1.15283,1.15286,127
2025-11-20 01:20:00+00:00,1.15286,1.15313,1.15277,1.15304,120
2025-11-20 01:25:00+00:00,1.15304,1.15304,1.1528100000000001,1.15293,114
2025-11-20 01:30:00+00:00,1.15293,1.15316,1.1528,1.15303,237
2025-11-20 01:35:00+00:00,1.15304,1.15304,1.15269,1.15285,95
2025-11-20 01:40:00+00:00,1.15285,1.15286,1.15258,1.15258,104
2025-11-20 01:45:00+00:00,1.15261,1.15274,1.15252,1.1526,122
2025-11-20 01:50:00+00:00,1.15261,1.15262,1.15233,1.15246,130
2025-11-20 01:55:00+00:00,1.15248,1.15261,1.15221,1.15225,141
2025-11-20 02:00:00+00:00,1.15225,1.15234,1.15195,1.152,140
2025-11-20 02:05:00+00:00,1.152,1.152,1.15149,1.1516,195
2025-11-20 02:10:00+00:00,1.15161,1.15207,1.15161,1.15184,161
2025-11-20 02:15:00+00:00,1.15184,1.15191,1.15164,1.15173,178
2025-11-20 02:20:00+00:00,1.15173,1.15179,1.15155,1.15175,137
2025-11-20 02:25:00+00:00,1.15175,1.15186,1.1517,1.15171,90
2025-11-20 02:30:00+00:00,1.15172,1.15195,1.15167,1.15191,98
2025-11-20 02:35:00+00:00,1.15191,1.152,1.15173,1.15182,97
2025-11-20 02:40:00+00:00,1.15182,1.15194,1.15175,1.1518,87
2025-11-20 02:45:00+00:00,1.1518,1.15199,1.1518,1.15189,71
2025-11-20 02:50:00+00:00,1.15189,1.15198,1.15183,1.15184,77
2025-11-20 02:55:00+00:00,1.15185,1.15199,1.15182,1.15199,80
2025-11-20 03:00:00+00:00,1.15199,1.1522000000000001,1.15192,1.15208,229
2025-11-20 03:05:00+00:00,1.15208,1.15208,1.15179,1.15184,127
2025-11-20 03:10:00+00:00,1.15184,1.15184,1.15168,1.1517,73
2025-11-20 03:15:00+00:00,1.1517,1.15181,1.15162,1.15165,77
2025-11-20 03:20:00+00:00,1.15165,1.15187,1.15162,1.1518,94
2025-11-20 03:25:00+00:00,1.1518,1.15201,1.1518,1.15187,81
2025-11-20 03:30:00+00:00,1.15187,1.15194,1.15181,1.15184,90
2025-11-20 03:35:00+00:00,1.15184,1.15192,1.1516,1.15165,104
2025-11-20 03:40:00+00:00,1.15164,1.15164,1.1510799999999999,1.15113,175
2025-11-20 03:45:00+00:00,1.15113,1.15126,1.1509800000000001,1.15123,127
2025-11-20 03:50:00+00:00,1.15124,1.15149,1.1512,1.15144,119
2025-11-20 03:55:00+00:00,1.15144,1.15144,1.15123,1.15139,78
2025-11-20 04:00:00+00:00,1.15138,1.15139,1.15126,1.15133,83
2025-11-20 04:05:00+00:00,1.1513200000000001,1.15174,1.15131,1.15168,93
2025-11-20 04:10:00+00:00,1.15168,1.15173,1.1515,1.1515900000000001,77
2025-11-20 04:15:00+00:00,1.1515900000000001,1.15173,1.1515900000000001,1.15163,65
2025-11-20 04:20:00+00:00,1.15165,1.15172,1.15157,1.1516899999999999,59
2025-11-20 04:25:00+00:00,1.1516899999999999,1.15182,1.15165,1.15177,80
2025-11-20 04:30:00+00:00,1.15177,1.15184,1.15174,1.15184,57
2025-11-20 04:35:00+00:00,1.15184,1.15199,1.1518,1.15196,72
2025-11-20 04:40:00+00:00,1.15196,1.15198,1.15176,1.15196,87
2025-11-20 04:45:00+00:00,1.15196,1.15198,1.15186,1.15194,71
2025-11-20 04:50:00+00:00,1.1519300000000001,1.15198,1.15182,1.15188,62
2025-11-20 04:55:00+00:00,1.15188,1.15202,1.15188,1.15192,70
2025-11-20 05:00:00+00:00,1.1519,1.1519300000000001,1.15157,1.15164,120
2025-11-20 05:05:00+00:00,1.15164,1.15172,1.15152,1.15154,107
2025-11-20 05:10:00+00:00,1.15154,1.15164,1.15144,1.15164,75
2025-11-20 05:15:00+00:00,1.15162,1.1516899999999999,1.15143,1.15144,71
2025-11-20 05:20:00+00:00,1.15145,1.1516,1.15143,1.15158,71
2025-11-20 05:25:00+00:00,1.15158,1.15166,1.15152,1.1516,68
2025-11-20 05:30:00+00:00,1.1515900000000001,1.1516,1.15143,1.15149,64
2025-11-20 05:35:00+00:00,1.15149,1.1516,1.15137,1.15154,107
2025-11-20 05:40:00+00:00,1.15154,1.15163,1.15147,1.1515900000000001,80
2025-11-20 05:45:00+00:00,1.1515900000000001,1.15171,1.15158,1.1515900000000001,90
2025-11-20 05:50:00+00:00,1.1515900000000001,1.15179,1.1515900000000001,1.15176,86
2025-11-20 05:55:00+00:00,1.15175,1.15188,1.15147,1.15152,122
2025-11-20 06:00:00+00:00,1.15151,1.15182,1.15133,1.1516899999999999,120
2025-11-20 06:05:00+00:00,1.1517,1.15222,1.1517,1.15218,154
2025-11-20 06:10:00+00:00,1.15216,1.15224,1.15199,1.1521,122
2025-11-20 06:15:00+00:00,1.1521,1.15221,1.15192,1.15198,111
2025-11-20 06:20:00+00:00,1.15198,1.15219,1.1519300000000001,1.15217,82
2025-11-20 06:25:00+00:00,1.15216,1.15228,1.15207,1.15218,118
2025-11-20 06:30:00+00:00,1.15218,1.15229,1.15192,1.15194,171
2025-11-20 06:35:00+00:00,1.1519300000000001,1.15216,1.1519,1.15195,166
2025-11-20 06:40:00+00:00,1.15195,1.15198,1.15162,1.15181,122
2025-11-20 06:45:00+00:00,1.1518,1.1521,1.15164,1.15201,130
2025-11-20 06:50:00+00:00,1.15201,1.15221,1.15187,1.1522000000000001,147
2025-11-20 06:55:00+00:00,1.1522000000000001,1.15225,1.15194,1.15195,104
2025-11-20 07:00:00+00:00,1.15195,1.15195,1.15154,1.15164,172
2025-11-20 07:05:00+00:00,1.15164,1.15204,1.1515900000000001,1.15178,218
2025-11-20 07:10:00+00:00,1.15176,1.15204,1.15164,1.15204,183
2025-11-20 07:15:00+00:00,1.15206,1.15207,1.15171,1.15197,194
2025-11-20 07:20:00+00:00,1.15197,1.15226,1.1519,1.15198,158
2025-11-20 07:25:00+00:00,1.15197,1.15207,1.15155,1.15174,164
2025-11-20 07:30:00+00:00,1.15176,1.15186,1.15154,1.15174,184
2025-11-20 07:35:00+00:00,1.15176,1.15176,1.15146,1.15158,134
2025-11-20 07:40:00+00:00,1.15158,1.15195,1.15154,1.15177,164
2025-11-20 07:45:00+00:00,1.15174,1.15201,1.15168,1.15198,196
2025-11-20 07:50:00+00:00,1.152,1.152,1.15182,1.1519,188
2025-11-20 07:55:00+00:00,1.1519,1.15197,1.15179,1.15192,208
2025-11-20 08:00:00+00:00,1.15191,1.15212,1.15185,1.15198,228
2025-11-20 08:05:00+00:00,1.15197,1.15205,1.15131,1.15146,214
2025-11-20 08:10:00+00:00,1.15145,1.15164,1.15119,1.15124,218
2025-11-20 08:15:00+00:00,1.15123,1.15154,1.15111,1.1514,211
2025-11-20 08:20:00+00:00,1.1514,1.15164,1.15138,1.15157,168
2025-11-20 08:25:00+00:00,1.15158,1.15171,1.15144,1.15154,161
2025-11-20 08:30:00+00:00,1.15154,1.15227,1.15144,1.15215,253
2025-11-20 08:35:00+00:00,1.15215,1.15221,1.15175,1.15183,175
2025-11-20 08:40:00+00:00,1.15182,1.15205,1.15166,1.15202,176
2025-11-20 08:45:00+00:00,1.15201,1.15225,1.15197,1.15202,163
2025-11-20 08:50:00+00:00,1.15202,1.15228,1.152,1.15207,193
2025-11-20 08:55:00+00:00,1.15209,1.1522000000000001,1.152,1.15205,152
2025-11-20 09:00:00+00:00,1.15205,1.15222,1.15186,1.15189,242
2025-11-20 09:05:00+00:00,1.1519,1.15211,1.15185,1.15209,171
2025-11-20 09:10:00+00:00,1.15209,1.1521,1.15181,1.15183,138
2025-11-20 09:15:00+00:00,1.15183,1.15204,1.15167,1.15187,157
2025-11-20 09:20:00+00:00,1.15187,1.15234,1.15184,1.15232,171
2025-11-20 09:25:00+00:00,1.15235,1.15248,1.15227,1.1524,153
2025-11-20 09:30:00+00:00,1.15241,1.1525400000000001,1.15225,1.15232,176
2025-11-20 09:35:00+00:00,1.15232,1.15255,1.15221,1.15223,149
2025-11-20 09:40:00+00:00,1.15222,1.15241,1.1521,1.15233,155
2025-11-20 09:45:00+00:00,1.15234,1.15239,1.15217,1.15229,128
2025-11-20 09:50:00+00:00,1.15229,1.15268,1.15229,1.15258,133
2025-11-20 09:55:00+00:00,1.15258,1.15273,1.15249,1.15269,142
2025-11-20 10:00:00+00:00,1.15272,1.15284,1.15244,1.15256,245
2025-11-20 10:05:00+00:00,1.15256,1.15277,1.15239,1.15256,170
2025-11-20 10:10:00+00:00,1.15256,1.1526,1.15242,1.1525400000000001,144
2025-11-20 10:15:00+00:00,1.15253,1.15289,1.15253,1.15275,124
2025-11-20 10:20:00+00:00,1.15278,1.1529099999999999,1.1526,1.15262,160
2025-11-20 10:25:00+00:00,1.15262,1.15272,1.1525,1.15258,112
2025-11-20 10:30:00+00:00,1.15258,1.1529,1.1525400000000001,1.15266,131
2025-11-20 10:35:00+00:00,1.15266,1.15284,1.15263,1.15275,112
2025-11-20 10:40:00+00:00,1.15274,1.15288,1.15265,1.15278,107
2025-11-20 10:45:00+00:00,1.15278,1.1528,1.15251,1.15271,116
2025-11-20 10:50:00+00:00,1.1527,1.15285,1.15257,1.15272,141
2025-11-20 10:55:00+00:00,1.15271,1.15275,1.15246,1.15268,157
2025-11-20 11:00:00+00:00,1.15269,1.15269,1.15237,1.15245,151
2025-11-20 11:05:00+00:00,1.15245,1.15268,1.15227,1.15247,197
2025-11-20 11:10:00+00:00,1.15246,1.15249,1.15217,1.15219,140
2025-11-20 11:15:00+00:00,1.15217,1.15225,1.15206,1.1521,119
2025-11-20 11:20:00+00:00,1.1521,1.15211,1.15173,1.15174,149
2025-11-20 11:25:00+00:00,1.15174,1.15202,1.15172,1.15185,163
2025-11-20 11:30:00+00:00,1.15185,1.15205,1.15175,1.15188,137
2025-11-20 11:35:00+00:00,1.15189,1.15194,1.15173,1.15173,134
2025-11-20 11:40:00+00:00,1.15173,1.15174,1.15146,1.15154,180
2025-11-20 11:45:00+00:00,1.15153,1.1517,1.15144,1.15146,118
2025-11-20 11:50:00+00:00,1.15146,1.15155,1.15127,1.15144,145
2025-11-20 11:55:00+00:00,1.15144,1.1516,1.1513200000000001,1.1514,195
2025-11-20 12:00:00+00:00,1.15139,1.15165,1.15127,1.1515900000000001,141
2025-11-20 12:05:00+00:00,1.1515900000000001,1.15165,1.15125,1.15129,131
2025-11-20 12:10:00+00:00,1.15129,1.15143,1.15102,1.15118,184
2025-11-20 12:15:00+00:00,1.15118,1.15129,1.15105,1.15128,136
2025-11-20 12:20:00+00:00,1.15128,1.1514199999999999,1.15122,1.1513,133
2025-11-20 12:25:00+00:00,1.1513,1.15131,1.15116,1.15127,129
2025-11-20 12:30:00+00:00,1.15125,1.15149,1.15114,1.15144,183
2025-11-20 12:35:00+00:00,1.15144,1.15157,1.15128,1.15135,116
2025-11-20 12:40:00+00:00,1.15133,1.15145,1.15121,1.15123,148
2025-11-20 12:45:00+00:00,1.15124,1.15127,1.15103,1.15119,132
2025-11-20 12:50:00+00:00,1.15118,1.15119,1.15075,1.15079,172
2025-11-20 12:55:00+00:00,1.15078,1.15109,1.15068,1.15106,197
2025-11-20 13:00:00+00:00,1.15106,1.15152,1.15106,1.15145,227
2025-11-20 13:05:00+00:00,1.15145,1.15147,1.15122,1.15131,159
2025-11-20 13:10:00+00:00,1.15131,1.15147,1.15115,1.15123,156
2025-11-20 13:15:00+00:00,1.15125,1.1514199999999999,1.15105,1.1514199999999999,175
2025-11-20 13:20:00+00:00,1.15143,1.15143,1.15116,1.15138,181
2025-11-20 13:25:00+00:00,1.15137,1.15148,1.15118,1.1514199999999999,244
2025-11-20 13:30:00+00:00,1.15141,1.15339,1.15008,1.15251,1477
2025-11-20 13:35:00+00:00,1.15253,1.15389,1.15246,1.1537600000000001,1159
2025-11-20 13:40:00+00:00,1.1537600000000001,1.15393,1.15283,1.15284,943
2025-11-20 13:45:00+00:00,1.15287,1.15292,1.15175,1.1525,827
2025-11-20 13:50:00+00:00,1.15252,1.15314,1.1525,1.15279,697
2025-11-20 13:55:00+00:00,1.1528,1.153,1.15238,1.15275,526
2025-11-20 14:00:00+00:00,1.15273,1.1538,1.15259,1.15307,811
2025-11-20 14:05:00+00:00,1.15304,1.15314,1.15258,1.15271,526
2025-11-20 14:10:00+00:00,1.15272,1.15299,1.15228,1.15292,453
2025-11-20 14:15:00+00:00,1.1529099999999999,1.15362,1.1529099999999999,1.15351,535
2025-11-20 14:20:00+00:00,1.15351,1.1537,1.15322,1.15336,470
2025-11-20 14:25:00+00:00,1.15336,1.15438,1.15326,1.15432,377
2025-11-20 14:30:00+00:00,1.15432,1.15499,1.15407,1.15462,585
2025-11-20 14:35:00+00:00,1.1546,1.15477,1.15417,1.15436,410
2025-11-20 14:40:00+00:00,1.15435,1.15446,1.15405,1.15421,471
2025-11-20 14:45:00+00:00,1.15419,1.15423,1.15382,1.15401,403
2025-11-20 14:50:00+00:00,1.15401,1.15417,1.15378,1.15392,348
2025-11-20 14:55:00+00:00,1.15392,1.15393,1.1534,1.15345,279
2025-11-20 15:00:00+00:00,1.15344,1.15366,1.15323,1.1532499999999999,285
2025-11-20 15:05:00+00:00,1.15324,1.15344,1.1531,1.15341,341
2025-11-20 15:10:00+00:00,1.1534200000000001,1.15345,1.15314,1.15324,270
2025-11-20 15:15:00+00:00,1.15323,1.15344,1.15298,1.1533,311
2025-11-20 15:20:00+00:00,1.15329,1.15329,1.15244,1.1525,258
2025-11-20 15:25:00+00:00,1.15249,1.15324,1.15249,1.15299,240
2025-11-20 15:30:00+00:00,1.15298,1.15298,1.15219,1.15219,305
2025-11-20 15:35:00+00:00,1.15217,1.15243,1.15213,1.15226,256
2025-11-20 15:40:00+00:00,1.15226,1.15283,1.15221,1.15278,271
2025-11-20 15:45:00+00:00,1.15276,1.15289,1.1520299999999999,1.15207,324
2025-11-20 15:50:00+00:00,1.15205,1.15242,1.15196,1.15228,303
2025-11-20 15:55:00+00:00,1.15227,1.15271,1.15217,1.15271,270
2025-11-20 16:00:00+00:00,1.15271,1.15311,1.15271,1.15297,226
2025-11-20 16:05:00+00:00,1.15296,1.15346,1.15278,1.15335,272
2025-11-20 16:10:00+00:00,1.15334,1.15392,1.15331,1.15366,262
2025-11-20 16:15:00+00:00,1.15366,1.15407,1.15366,1.15382,214
2025-11-20 16:20:00+00:00,1.15384,1.15408,1.15359,1.15394,275
2025-11-20 16:25:00+00:00,1.15395,1.15396,1.15343,1.15346,333
2025-11-20 16:30:00+00:00,1.15344,1.15362,1.15322,1.1536,259
2025-11-20 16:35:00+00:00,1.15358,1.1537600000000001,1.15348,1.15351,276
2025-11-20 16:40:00+00:00,1.15349,1.15378,1.15319,1.15326,230
2025-11-20 16:45:00+00:00,1.1532499999999999,1.15346,1.1531500000000001,1.1533,274
2025-11-20 16:50:00+00:00,1.1533,1.15339,1.15301,1.15321,234
2025-11-20 16:55:00+00:00,1.1532,1.1535199999999999,1.15314,1.15334,284
2025-11-20 17:00:00+00:00,1.15336,1.15354,1.15314,1.15341,340
2025-11-20 17:05:00+00:00,1.1534200000000001,1.15343,1.153,1.15327,252
2025-11-20 17:10:00+00:00,1.15328,1.1537600000000001,1.15312,1.1536,293
2025-11-20 17:15:00+00:00,1.1536,1.1537600000000001,1.1534200000000001,1.15361,287
2025-11-20 17:20:00+00:00,1.15358,1.15374,1.15335,1.15373,293
2025-11-20 17:25:00+00:00,1.15372,1.15377,1.15316,1.15318,220
2025-11-20 17:30:00+00:00,1.15318,1.15327,1.15301,1.15301,188
2025-11-20 17:35:00+00:00,1.15301,1.1532,1.15266,1.15273,219
2025-11-20 17:40:00+00:00,1.15275,1.15284,1.1525,1.1525,188
2025-11-20 17:45:00+00:00,1.1525,1.15282,1.15249,1.15269,204
2025-11-20 17:50:00+00:00,1.15271,1.15282,1.15244,1.15279,190
2025-11-20 17:55:00+00:00,1.15279,1.15307,1.15277,1.15284,224
2025-11-20 18:00:00+00:00,1.15283,1.15288,1.15269,1.15278,162
2025-11-20 18:05:00+00:00,1.15278,1.15307,1.15271,1.15277,178
2025-11-20 18:10:00+00:00,1.15277,1.153,1.15263,1.15286,173
2025-11-20 18:15:00+00:00,1.15286,1.15322,1.15284,1.15322,188
2025-11-20 18:20:00+00:00,1.15322,1.15323,1.153,1.15319,177
2025-11-20 18:25:00+00:00,1.15318,1.15328,1.15301,1.15307,133
2025-11-20 18:30:00+00:00,1.15309,1.15338,1.15307,1.15335,162
2025-11-20 18:35:00+00:00,1.15334,1.15358,1.15329,1.15331,155
2025-11-20 18:40:00+00:00,1.15331,1.15339,1.15316,1.15322,128
2025-11-20 18:45:00+00:00,1.15322,1.15347,1.1532,1.15341,111
2025-11-20 18:50:00+00:00,1.15341,1.15363,1.15336,1.15354,135
2025-11-20 18:55:00+00:00,1.15355,1.15361,1.15336,1.15361,113
2025-11-20 19:00:00+00:00,1.15361,1.15365,1.1535,1.15362,117
2025-11-20 19:05:00+00:00,1.15362,1.15378,1.15355,1.15378,116
2025-11-20 19:10:00+00:00,1.15379,1.15388,1.15365,1.15387,105
2025-11-20 19:15:00+00:00,1.15387,1.15388,1.15364,1.15381,102
2025-11-20 19:20:00+00:00,1.15381,1.15404,1.15374,1.15396,119
2025-11-20 19:25:00+00:00,1.15396,1.15399,1.1537,1.15374,126
2025-11-20 19:30:00+00:00,1.1537600000000001,1.15381,1.15365,1.15369,118
2025-11-20 19:35:00+00:00,1.15369,1.1537600000000001,1.15363,1.1537,116
2025-11-20 19:40:00+00:00,1.1537,1.15375,1.15361,1.15362,105
2025-11-20 19:45:00+00:00,1.15361,1.15371,1.15358,1.15359,108
2025-11-20 19:50:00+00:00,1.1536,1.15373,1.15359,1.15366,79
2025-11-20 19:55:00+00:00,1.15366,1.15379,1.1536,1.15377,111
2025-11-20 20:00:00+00:00,1.15379,1.15383,1.15346,1.15347,112
2025-11-20 20:05:00+00:00,1.15347,1.1535199999999999,1.15337,1.15345,117
2025-11-20 20:10:00+00:00,1.15345,1.15355,1.15322,1.1533,106
2025-11-20 20:15:00+00:00,1.1533,1.1533,1.15303,1.15317,122
2025-11-20 20:20:00+00:00,1.15317,1.15317,1.15292,1.15296,103
2025-11-20 20:25:00+00:00,1.15296,1.15309,1.1529099999999999,1.15298,84
2025-11-20 20:30:00+00:00,1.15298,1.15298,1.15275,1.15277,86
2025-11-20 20:35:00+00:00,1.15277,1.15284,1.1527,1.15282,94
2025-11-20 20:40:00+00:00,1.15282,1.15304,1.1528100000000001,1.15302,90
2025-11-20 20:45:00+00:00,1.15302,1.15304,1.15276,1.15277,85
2025-11-20 20:50:00+00:00,1.15277,1.15304,1.15277,1.15298,120
2025-11-20 20:55:00+00:00,1.15298,1.15298,1.15257,1.1526,131
2025-11-20 21:00:00+00:00,1.15261,1.15267,1.15246,1.15252,110
2025-11-20 21:05:00+00:00,1.15252,1.1526,1.15245,1.15256,71
2025-11-20 21:10:00+00:00,1.15256,1.15256,1.15242,1.15242,53
2025-11-20 21:15:00+00:00,1.15242,1.15251,1.15239,1.15246,56
2025-11-20 21:20:00+00:00,1.15246,1.15247,1.15237,1.15244,56
2025-11-20 21:25:00+00:00,1.15244,1.15262,1.15243,1.15258,72
2025-11-20 21:30:00+00:00,1.15258,1.15272,1.1525,1.15272,69
2025-11-20 21:35:00+00:00,1.15272,1.15279,1.15259,1.15265,76
2025-11-20 21:40:00+00:00,1.15265,1.15266,1.15238,1.15256,80
2025-11-20 21:45:00+00:00,1.15255,1.1528,1.15255,1.15275,98
2025-11-20 21:50:00+00:00,1.15275,1.15276,1.15261,1.15268,69
2025-11-20 21:55:00+00:00,1.15266,1.15283,1.1526,1.15277,102
2025-11-20 22:05:00+00:00,1.15276,1.15276,1.15249,1.1526,31
2025-11-20 22:10:00+00:00,1.15258,1.15272,1.15252,1.15265,30
2025-11-20 22:15:00+00:00,1.1526399999999999,1.15275,1.15255,1.15255,29
2025-11-20 22:20:00+00:00,1.15256,1.1527,1.15255,1.15265,15
2025-11-20 22:25:00+00:00,1.15256,1.15261,1.15252,1.15252,13
2025-11-20 22:30:00+00:00,1.15251,1.15272,1.15251,1.15256,34
2025-11-20 22:35:00+00:00,1.15261,1.1527,1.1525400000000001,1.1527,18
2025-11-20 22:40:00+00:00,1.15268,1.15274,1.15258,1.15269,47
2025-11-20 22:45:00+00:00,1.15269,1.15271,1.15258,1.15268,61
2025-11-20 22:50:00+00:00,1.15268,1.15269,1.15258,1.1526399999999999,77
2025-11-20 22:55:00+00:00,1.15265,1.15283,1.15263,1.15283,28
2025-11-20 23:00:00+00:00,1.15282,1.1529099999999999,1.15265,1.1528100000000001,127
2025-11-20 23:05:00+00:00,1.1528100000000001,1.15283,1.1526,1.1526,71
2025-11-20 23:10:00+00:00,1.15259,1.15259,1.15237,1.15239,106
2025-11-20 23:15:00+00:00,1.15238,1.15248,1.15231,1.15238,73
2025-11-20 23:20:00+00:00,1.1524,1.15261,1.15236,1.15258,68
2025-11-20 23:25:00+00:00,1.15258,1.15266,1.15251,1.15262,62
2025-11-20 23:30:00+00:00,1.15263,1.15283,1.15261,1.15283,69
2025-11-20 23:35:00+00:00,1.15283,1.15298,1.15278,1.15297,59
2025-11-20 23:40:00+00:00,1.15297,1.15323,1.15296,1.15314,164
2025-11-20 23:45:00+00:00,1.15314,1.15336,1.1531,1.15328,113
2025-11-20 23:50:00+00:00,1.15328,1.1534200000000001,1.15326,1.15337,67
2025-11-20 23:55:00+00:00,1.15337,1.1534,1.15331,1.15332,76
2025-11-21 00:00:00+00:00,1.15332,1.15334,1.15289,1.15296,122
2025-11-21 00:05:00+00:00,1.15296,1.15302,1.1529,1.15294,85
2025-11-21 00:10:00+00:00,1.15295,1.15301,1.1528100000000001,1.15301,113
2025-11-21 00:15:00+00:00,1.153,1.15305,1.15283,1.15289,68
2025-11-21 00:20:00+00:00,1.15288,1.15302,1.15284,1.15299,60
2025-11-21 00:25:00+00:00,1.15299,1.15304,1.1528100000000001,1.15303,69
2025-11-21 00:30:00+00:00,1.15303,1.15312,1.15299,1.15302,81
2025-11-21 00:35:00+00:00,1.15302,1.15322,1.15294,1.15318,92
2025-11-21 00:40:00+00:00,1.15318,1.15336,1.1531500000000001,1.15333,90
2025-11-21 00:45:00+00:00,1.15333,1.15354,1.15332,1.15348,83
2025-11-21 00:50:00+00:00,1.15349,1.15357,1.15324,1.15331,159
2025-11-21 00:55:00+00:00,1.15329,1.15353,1.15323,1.15348,154
2025-11-21 01:00:00+00:00,1.15346,1.15368,1.15335,1.15361,184
2025-11-21 01:05:00+00:00,1.15359,1.15378,1.15357,1.15365,127
2025-11-21 01:10:00+00:00,1.15364,1.15373,1.15357,1.1536,104
2025-11-21 01:15:00+00:00,1.1536,1.1536,1.15343,1.15343,88
2025-11-21 01:20:00+00:00,1.15343,1.15365,1.15338,1.15338,100
2025-11-21 01:25:00+00:00,1.1534,1.15351,1.15337,1.15348,94
2025-11-21 01:30:00+00:00,1.15348,1.15351,1.15321,1.15335,120
2025-11-21 01:35:00+00:00,1.15334,1.15359,1.15332,1.1534,136
2025-11-21 01:40:00+00:00,1.1534,1.15349,1.15326,1.15348,87
2025-11-21 01:45:00+00:00,1.15348,1.15362,1.15343,1.15359,98
2025-11-21 01:50:00+00:00,1.1536,1.15361,1.1535,1.1535199999999999,90
2025-11-21 01:55:00+00:00,1.15351,1.15354,1.15318,1.15321,147
2025-11-21 02:00:00+00:00,1.15321,1.15354,1.15321,1.1535199999999999,98
2025-11-21 02:05:00+00:00,1.1535199999999999,1.1537600000000001,1.15351,1.15369,108
2025-11-21 02:10:00+00:00,1.1537,1.15385,1.15369,1.15378,103
2025-11-21 02:15:00+00:00,1.15377,1.15378,1.15349,1.15354,73
2025-11-21 02:20:00+00:00,1.1535199999999999,1.15363,1.15345,1.15347,70
2025-11-21 02:25:00+00:00,1.15348,1.1537600000000001,1.15344,1.15371,89
2025-11-21 02:30:00+00:00,1.15371,1.15383,1.15358,1.1536,107
2025-11-21 02:35:00+00:00,1.15359,1.15365,1.15349,1.15351,105
2025-11-21 02:40:00+00:00,1.15351,1.15364,1.15348,1.15364,73
2025-11-21 02:45:00+00:00,1.15364,1.15364,1.15343,1.15345,57
2025-11-21 02:50:00+00:00,1.15345,1.1535,1.1532,1.15346,122
2025-11-21 02:55:00+00:00,1.15348,1.15359,1.15345,1.15355,73
2025-11-21 03:00:00+00:00,1.15355,1.15361,1.15338,1.15339,97
2025-11-21 03:05:00+00:00,1.15339,1.15353,1.1533,1.1535199999999999,70
2025-11-21 03:10:00+00:00,1.1535199999999999,1.15358,1.15335,1.15357,92
2025-11-21 03:15:00+00:00,1.15357,1.15363,1.15339,1.15341,94
2025-11-21 03:20:00+00:00,1.15341,1.15355,1.1534,1.15345,88
2025-11-21 03:25:00+00:00,1.15344,1.15365,1.15344,1.15362,81
2025-11-21 03:30:00+00:00,1.15362,1.15366,1.1534200000000001,1.15343,72
2025-11-21 03:35:00+00:00,1.15343,1.15355,1.15338,1.15354,87
2025-11-21 03:40:00+00:00,1.15353,1.1536,1.15351,1.15355,67
2025-11-21 03:45:00+00:00,1.15355,1.15365,1.15351,1.15362,87
2025-11-21 03:50:00+00:00,1.15363,1.15374,1.15361,1.1537,62
2025-11-21 03:55:00+00:00,1.1537,1.15374,1.15357,1.15359,72
2025-11-21 04:00:00+00:00,1.1536,1.15378,1.15356,1.15378,98
2025-11-21 04:05:00+00:00,1.15377,1.154,1.15371,1.15383,124
2025-11-21 04:10:00+00:00,1.15383,1.15412,1.15381,1.1540300000000001,98
2025-11-21 04:15:00+00:00,1.15401,1.15416,1.15391,1.15396,127
2025-11-21 04:20:00+00:00,1.15396,1.15406,1.15384,1.15401,85
2025-11-21 04:25:00+00:00,1.15402,1.1540300000000001,1.15389,1.15395,79
2025-11-21 04:30:00+00:00,1.15395,1.15399,1.15375,1.1538,88
2025-11-21 04:35:00+00:00,1.1538,1.15389,1.15375,1.15383,84
2025-11-21 04:40:00+00:00,1.15383,1.15391,1.15379,1.15388,72
2025-11-21 04:45:00+00:00,1.15388,1.1540300000000001,1.15371,1.15373,91
2025-11-21 04:50:00+00:00,1.15373,1.15381,1.15365,1.15369,83
2025-11-21 04:55:00+00:00,1.15369,1.1538599999999999,1.15368,1.15384,100
2025-11-21 05:00:00+00:00,1.15385,1.15397,1.15379,1.15382,99
2025-11-21 05:05:00+00:00,1.15382,1.15414,1.15379,1.1540300000000001,86
2025-11-21 05:10:00+00:00,1.1540300000000001,1.15416,1.1540300000000001,1.15404,62
2025-11-21 05:15:00+00:00,1.15404,1.15411,1.1539,1.15392,64
2025-11-21 05:20:00+00:00,1.15392,1.15393,1.15381,1.15381,59
2025-11-21 05:25:00+00:00,1.1538,1.15389,1.15377,1.15387,60
2025-11-21 05:30:00+00:00,1.15387,1.1540300000000001,1.15384,1.15396,89
2025-11-21 05:35:00+00:00,1.15396,1.15396,1.15371,1.15372,70
2025-11-21 05:40:00+00:00,1.15372,1.15388,1.15372,1.15375,80
2025-11-21 05:45:00+00:00,1.15374,1.15377,1.15349,1.15351,98
2025-11-21 05:50:00+00:00,1.15351,1.15355,1.15349,1.15351,19
